customer_id,segment,lifetime_value,payment_delay_days,complaint_count,churn_flag
1,Consumer,232400,29,4,0
2,Enterprise,232060,8,3,0
3,SME,288586,25,1,0
4,Consumer,121464,1,2,0
5,Consumer,146184,2,0,0
6,Consumer,102051,45,3,1
7,Consumer,165653,3,3,0
8,SME,260300,24,2,0
9,Consumer,74722,12,4,0
10,SME,107036,38,2,1
11,Consumer,243634,43,3,1
12,Enterprise,162595,34,1,1
13,SME,263709,22,1,0
14,Consumer,296696,8,4,0
15,Consumer,156880,1,3,0
16,Consumer,250419,40,1,1
17,Consumer,169692,43,2,1
18,Consumer,278031,30,1,0
19,Consumer,100024,43,1,1
20,Consumer,260809,1,1,0
21,Consumer,133639,31,0,1
22,Consumer,96938,17,3,0
23,Consumer,232813,12,1,0
24,Consumer,267100,45,3,1
25,Consumer,99526,4,2,0
26,SME,61220,41,1,1
27,Consumer,90277,43,5,1
28,Consumer,137332,9,0,0
29,Consumer,249231,42,6,1
30,Consumer,37931,24,2,0
31,Consumer,104116,33,2,1
32,Consumer,266671,36,0,1
33,Consumer,66913,29,3,0
34,Enterprise,265216,6,0,0
35,Enterprise,109776,5,1,0
36,SME,40991,2,0,0
37,Consumer,200917,12,2,0
38,Consumer,119092,2,0,0
39,SME,244577,25,2,0
40,Consumer,201384,23,2,0
41,Consumer,252113,5,2,0
42,Consumer,110556,42,2,1
43,Consumer,171989,41,5,1
44,Enterprise,143467,11,1,0
45,Consumer,233800,35,3,1
46,SME,141155,1,1,0
47,Consumer,74778,10,1,0
48,Consumer,60833,38,1,1
49,Consumer,299769,33,1,1
50,Consumer,47088,25,3,0
51,Enterprise,225722,17,1,0
52,SME,211375,20,3,0
53,Enterprise,91361,35,1,1
54,SME,150189,39,3,1
55,Consumer,105265,45,0,1
56,Enterprise,112718,43,2,1
57,Consumer,109876,21,5,0
58,Consumer,45949,29,2,0
59,Consumer,227954,42,0,1
60,Consumer,126541,29,3,0
61,Consumer,210691,7,3,0
62,Consumer,76842,33,2,1
63,SME,247930,8,4,0
64,Consumer,162265,19,1,0
65,Consumer,145356,39,2,1
66,Consumer,259629,24,3,0
67,Consumer,227802,18,0,0
68,SME,180582,4,2,0
69,Consumer,278450,10,1,0
70,Enterprise,18849,14,1,0
71,SME,27360,7,1,0
72,Consumer,268279,18,5,0
73,Consumer,109767,22,4,0
74,SME,276445,26,2,0
75,SME,191872,39,1,1
76,SME,69330,31,1,1
77,SME,66707,25,0,0
78,Consumer,295833,26,2,0
79,Consumer,44084,18,1,0
80,Consumer,55387,41,3,1
81,SME,17642,28,4,0
82,Consumer,201633,38,2,1
83,Consumer,161510,40,1,1
84,Consumer,269511,32,2,1
85,Consumer,278957,18,3,0
86,Consumer,99381,36,3,1
87,SME,264880,18,1,0
88,Consumer,208984,32,2,1
89,SME,75272,15,3,0
90,Consumer,188123,22,1,0
91,Consumer,228808,6,2,0
92,SME,268091,25,3,0
93,SME,279064,31,0,1
94,Consumer,121121,11,2,0
95,SME,91872,7,2,0
96,Consumer,279237,4,2,0
97,Consumer,290049,41,1,1
98,Consumer,136759,27,3,0
99,Consumer,97289,4,3,0
100,Consumer,131506,25,2,0
101,Consumer,93513,4,0,0
102,Consumer,197003,21,1,0
103,Consumer,274480,14,3,0
104,Consumer,277043,12,4,0
105,Enterprise,206758,27,0,0
106,Consumer,148498,32,0,1
107,Consumer,269024,42,2,1
108,SME,145970,22,1,0
109,Consumer,105009,32,2,1
110,Consumer,214570,42,1,1
111,Consumer,212467,17,0,0
112,Consumer,59816,29,0,0
113,Enterprise,19138,25,1,0
114,SME,106176,15,1,0
115,Consumer,281161,12,4,0
116,SME,287595,38,0,1
117,SME,209028,32,1,1
118,Consumer,287422,25,3,0
119,SME,236552,0,7,1
120,Consumer,58764,37,0,1
121,SME,138030,1,5,0
122,SME,110667,5,1,0
123,Consumer,75128,45,1,1
124,Consumer,234128,37,3,1
125,Consumer,299013,41,2,1
126,Consumer,248540,23,0,0
127,SME,20039,17,1,0
128,SME,167353,26,1,0
129,Consumer,127935,40,0,1
130,Consumer,25442,7,0,0
131,Consumer,68053,27,3,0
132,Consumer,196561,9,3,0
133,Consumer,229176,16,4,0
134,Consumer,101346,28,2,0
135,Enterprise,49397,5,1,0
136,Consumer,131214,13,1,0
137,Consumer,172221,21,3,0
138,SME,292068,5,2,0
139,Consumer,128143,25,2,0
140,Enterprise,278013,38,2,1
141,Enterprise,278158,11,2,0
142,Consumer,25103,34,0,1
143,Consumer,97409,13,1,0
144,Consumer,38248,21,1,0
145,Consumer,189588,22,0,0
146,Consumer,170242,6,3,0
147,Consumer,23024,39,4,1
148,Consumer,249864,24,1,0
149,Consumer,189875,12,5,0
150,Consumer,158927,20,0,0
151,Enterprise,100178,40,2,1
152,Consumer,297169,9,0,0
153,Consumer,78610,8,7,1
154,Consumer,85843,14,4,0
155,Enterprise,122237,1,1,0
156,Consumer,195903,24,0,0
157,SME,189499,12,1,0
158,SME,145299,33,2,1
159,Consumer,20668,33,4,1
160,SME,237542,34,1,1
161,Consumer,193267,37,0,1
162,Consumer,170489,2,2,0
163,Consumer,121133,41,1,1
164,Consumer,287895,5,2,0
165,Consumer,284496,18,0,0
166,SME,225124,2,0,0
167,Consumer,103835,17,0,0
168,Consumer,112493,38,1,1
169,Consumer,187166,8,2,0
170,Consumer,116948,11,4,0
171,SME,200194,4,3,0
172,Consumer,44493,2,4,0
173,Consumer,214886,10,5,0
174,Consumer,153368,29,0,0
175,Consumer,171470,3,3,0
176,Consumer,28261,4,2,0
177,SME,91709,0,1,0
178,Consumer,110985,26,1,0
179,Enterprise,290796,27,1,0
180,Consumer,282247,28,4,0
181,Consumer,261404,17,5,0
182,Consumer,115336,11,0,0
183,Enterprise,128499,12,2,0
184,SME,164524,40,2,1
185,Consumer,181508,1,5,0
186,SME,162026,36,0,1
187,SME,265819,44,0,1
188,Consumer,27356,15,4,0
189,Consumer,143128,23,3,0
190,Consumer,17187,34,2,1
191,Consumer,167297,21,4,0
192,SME,149678,35,1,1
193,Enterprise,141270,10,1,0
194,Consumer,291531,45,1,1
195,Consumer,257998,28,1,0
196,Consumer,256503,34,1,1
197,SME,77061,14,3,0
198,SME,250497,30,1,0
199,SME,96257,41,2,1
200,SME,76753,40,2,1
201,Consumer,38408,42,1,1
202,Consumer,139116,15,6,1
203,Consumer,146208,9,2,0
204,SME,32413,31,5,1
205,Consumer,128650,1,3,0
206,Consumer,74500,23,0,0
207,Consumer,71358,22,0,0
208,SME,81197,1,0,0
209,Consumer,238861,37,5,1
210,Consumer,238492,30,2,0
211,Consumer,276545,39,1,1
212,SME,91240,25,0,0
213,SME,250595,28,1,0
214,Consumer,236135,2,0,0
215,SME,293466,13,1,0
216,Consumer,21968,24,5,0
217,Consumer,205920,0,1,0
218,SME,278844,2,0,0
219,Consumer,247076,25,5,0
220,SME,38199,17,1,0
221,SME,178187,8,4,0
222,Consumer,200388,37,1,1
223,Consumer,20520,22,1,0
224,Consumer,124814,20,1,0
225,Consumer,182527,0,1,0
226,Consumer,261356,20,3,0
227,Enterprise,138364,26,3,0
228,Consumer,29955,41,2,1
229,SME,190121,5,2,0
230,Consumer,159989,43,1,1
231,SME,265144,35,3,1
232,Consumer,79925,27,1,0
233,Consumer,85269,44,4,1
234,Consumer,167185,16,1,0
235,Consumer,114977,39,3,1
236,SME,44345,2,2,0
237,Consumer,270688,11,1,0
238,Consumer,276798,38,2,1
239,Consumer,193933,11,4,0
240,Consumer,112406,1,2,0
241,Enterprise,18453,45,2,1
242,Enterprise,117811,21,1,0
243,Enterprise,69935,22,2,0
244,Consumer,189442,29,2,0
245,Consumer,285472,4,1,0
246,Enterprise,30534,8,0,0
247,Consumer,51320,20,0,0
248,Enterprise,64170,10,1,0
249,Enterprise,115546,4,3,0
250,SME,95201,34,1,1
251,Consumer,249473,26,2,0
252,Consumer,285784,1,1,0
253,SME,246324,23,2,0
254,Consumer,176121,30,4,0
255,Consumer,248612,32,1,1
256,Consumer,202125,38,1,1
257,Enterprise,215796,29,1,0
258,SME,158279,45,3,1
259,Consumer,211846,36,4,1
260,Consumer,179044,27,6,1
261,Consumer,217160,30,1,0
262,Enterprise,85463,10,1,0
263,Consumer,108500,22,6,1
264,Consumer,222772,1,2,0
265,SME,52158,39,2,1
266,SME,99607,40,3,1
267,SME,260017,26,4,0
268,SME,135076,34,0,1
269,Consumer,73692,1,3,0
270,Consumer,145841,38,3,1
271,SME,207816,36,3,1
272,SME,292954,20,1,0
273,SME,176081,4,0,0
274,Enterprise,126718,44,0,1
275,Consumer,15192,20,1,0
276,Consumer,262536,28,1,0
277,SME,51413,19,1,0
278,Consumer,158888,37,1,1
279,SME,54082,19,5,0
280,SME,138130,24,3,0
281,SME,65940,1,2,0
282,Consumer,178202,31,1,1
283,Consumer,55142,25,1,0
284,Consumer,51468,5,1,0
285,Consumer,156727,40,3,1
286,Consumer,193969,2,6,1
287,Consumer,251187,32,2,1
288,Consumer,57056,0,4,0
289,Consumer,66831,4,0,0
290,Consumer,264664,12,3,0
291,Consumer,123117,18,6,1
292,Consumer,291815,11,2,0
293,SME,58954,24,3,0
294,Consumer,248192,34,2,1
295,Consumer,15717,11,1,0
296,Consumer,288820,29,1,0
297,SME,195882,4,2,0
298,Consumer,133696,33,5,1
299,Consumer,19994,21,2,0
300,Consumer,281378,38,1,1
301,Consumer,84300,12,2,0
302,Consumer,52405,2,1,0
303,Consumer,38185,19,2,0
304,Consumer,189514,30,1,0
305,SME,148653,4,0,0
306,Enterprise,66717,23,2,0
307,Consumer,17763,39,2,1
308,Consumer,70480,32,2,1
309,SME,184831,7,0,0
310,Consumer,222139,23,2,0
311,Consumer,133094,19,2,0
312,Consumer,171379,15,2,0
313,Consumer,242443,11,0,0
314,Enterprise,26064,12,1,0
315,SME,91848,44,3,1
316,SME,52548,41,1,1
317,Consumer,183017,38,0,1
318,Consumer,283620,24,2,0
319,Consumer,17382,45,2,1
320,Consumer,191348,31,1,1
321,Consumer,94698,23,2,0
322,SME,260762,43,1,1
323,SME,258381,8,2,0
324,Consumer,60095,39,0,1
325,Enterprise,37010,22,2,0
326,SME,148962,12,2,0
327,Consumer,124162,31,2,1
328,Consumer,285170,14,2,0
329,Consumer,83842,35,2,1
330,Consumer,286421,4,2,0
331,Consumer,188311,21,1,0
332,SME,291827,15,3,0
333,Consumer,146742,40,3,1
334,Consumer,235283,9,1,0
335,Consumer,163961,23,0,0
336,Consumer,190607,17,0,0
337,SME,260144,17,1,0
338,SME,167711,6,2,0
339,Consumer,210784,3,2,0
340,Consumer,267217,25,4,0
341,Consumer,178244,4,0,0
342,Consumer,116158,15,1,0
343,Consumer,288721,34,5,1
344,Consumer,297320,25,4,0
345,Consumer,78972,17,0,0
346,Consumer,297140,28,2,0
347,Consumer,115922,22,2,0
348,Consumer,50931,13,5,0
349,Consumer,139168,14,0,0
350,Consumer,181782,32,0,1
351,Consumer,138099,24,2,0
352,SME,49693,20,1,0
353,SME,123944,16,3,0
354,Consumer,239655,22,0,0
355,Consumer,222574,42,3,1
356,Consumer,294518,16,1,0
357,Consumer,262572,13,3,0
358,Consumer,60913,28,0,0
359,Enterprise,212097,19,1,0
360,Consumer,102796,29,1,0
361,Consumer,99811,18,1,0
362,Consumer,205121,38,1,1
363,Consumer,247892,12,3,0
364,Consumer,54178,17,5,0
365,Enterprise,31999,22,3,0
366,Consumer,210623,45,2,1
367,Enterprise,186244,32,1,1
368,Enterprise,287769,38,1,1
369,Consumer,213237,39,4,1
370,Consumer,21859,17,2,0
371,Consumer,125986,8,3,0
372,Consumer,247654,32,1,1
373,Consumer,298983,31,1,1
374,SME,64522,16,2,0
375,Consumer,245233,18,1,0
376,Consumer,22485,26,2,0
377,SME,258056,5,5,0
378,Consumer,127701,34,1,1
379,SME,222352,36,3,1
380,Consumer,117638,33,1,1
381,Consumer,199514,19,3,0
382,SME,289370,24,3,0
383,Consumer,108405,3,3,0
384,SME,299732,9,3,0
385,SME,225048,9,3,0
386,SME,177781,23,4,0
387,Consumer,52019,20,0,0
388,Consumer,276497,10,3,0
389,SME,80133,26,2,0
390,SME,212530,15,0,0
391,Enterprise,173598,25,5,0
392,Consumer,143585,29,3,0
393,Consumer,260172,15,2,0
394,SME,140814,6,1,0
395,Consumer,40939,15,3,0
396,Enterprise,168939,34,0,1
397,SME,277347,15,0,0
398,Consumer,105880,39,1,1
399,SME,18748,11,1,0
400,SME,251094,34,2,1
401,Consumer,166956,20,3,0
402,Enterprise,171255,42,2,1
403,Consumer,165331,35,3,1
404,SME,182031,16,3,0
405,Consumer,140829,31,3,1
406,SME,143216,40,3,1
407,Consumer,80901,5,4,0
408,Consumer,258386,23,3,0
409,Enterprise,190607,26,2,0
410,Consumer,113046,19,0,0
411,Consumer,93278,24,4,0
412,Enterprise,289535,1,5,0
413,Enterprise,117476,8,4,0
414,Consumer,112537,27,1,0
415,Consumer,196429,37,0,1
416,Consumer,232980,2,2,0
417,Consumer,90403,19,4,0
418,Consumer,79286,5,1,0
419,SME,119927,38,0,1
420,SME,292052,32,1,1
421,SME,38386,0,4,0
422,SME,192826,36,2,1
423,Consumer,267156,5,0,0
424,Consumer,263724,44,3,1
425,Consumer,216202,33,2,1
426,Consumer,40525,14,6,1
427,Consumer,94818,44,2,1
428,SME,129589,25,2,0
429,Consumer,160406,13,4,0
430,Consumer,109715,6,3,0
431,Consumer,208839,45,1,1
432,SME,283788,30,2,0
433,Consumer,272438,23,2,0
434,Consumer,182679,30,3,0
435,Consumer,98178,28,2,0
436,SME,190458,41,1,1
437,Consumer,269466,31,0,1
438,SME,101724,16,2,0
439,SME,244204,13,2,0
440,Consumer,111393,39,1,1
441,Consumer,91312,35,1,1
442,Enterprise,86196,23,0,0
443,Consumer,85014,44,4,1
444,Consumer,156994,26,1,0
445,SME,48340,24,0,0
446,Enterprise,128711,31,1,1
447,Enterprise,230250,17,1,0
448,SME,26094,45,2,1
449,Consumer,282885,17,3,0
450,Consumer,126585,36,3,1
451,SME,83798,25,2,0
452,Consumer,216604,8,3,0
453,Consumer,125130,34,3,1
454,Enterprise,299308,7,3,0
455,Consumer,181667,19,2,0
456,Consumer,45257,41,2,1
457,Consumer,67691,21,1,0
458,Consumer,94768,18,3,0
459,Consumer,29026,29,2,0
460,Consumer,240162,27,2,0
461,Consumer,34610,34,1,1
462,Consumer,192718,42,0,1
463,SME,193646,10,2,0
464,Consumer,237123,30,1,0
465,Enterprise,34288,38,2,1
466,Consumer,99425,35,1,1
467,Consumer,15917,29,2,0
468,SME,268187,22,1,0
469,Consumer,54104,18,1,0
470,Enterprise,164134,11,3,0
471,Consumer,294143,14,3,0
472,Enterprise,277091,30,2,0
473,Consumer,76169,42,2,1
474,SME,169542,36,1,1
475,Consumer,144744,36,4,1
476,Enterprise,74821,14,2,0
477,Consumer,232741,28,1,0
478,Consumer,264265,42,5,1
479,Enterprise,229127,25,6,1
480,Consumer,289336,43,4,1
481,Consumer,218834,1,3,0
482,SME,249538,19,0,0
483,Consumer,101795,14,1,0
484,Consumer,180159,3,0,0
485,Consumer,150699,21,2,0
486,Enterprise,258877,37,0,1
487,Consumer,214298,22,2,0
488,Consumer,203505,25,2,0
489,Enterprise,151285,10,3,0
490,SME,117412,27,4,0
491,Consumer,34404,1,2,0
492,Consumer,131545,7,2,0
493,Consumer,237128,28,3,0
494,Consumer,165245,10,1,0
495,Consumer,199099,36,2,1
496,Consumer,276657,17,2,0
497,Consumer,271875,13,3,0
498,Consumer,299583,9,3,0
499,Enterprise,29995,34,3,1
500,Enterprise,38559,8,2,0
501,SME,113000,34,3,1
502,Consumer,167191,10,1,0
503,Consumer,40517,43,2,1
504,SME,230558,11,2,0
505,SME,120686,2,0,0
506,Consumer,103151,38,3,1
507,Enterprise,280471,13,3,0
508,SME,135318,27,4,0
509,Enterprise,210490,10,0,0
510,SME,188860,38,0,1
511,Consumer,130945,24,2,0
512,Consumer,228456,20,1,0
513,Enterprise,67446,9,4,0
514,SME,202655,42,2,1
515,Consumer,155148,14,3,0
516,Consumer,84341,18,0,0
517,Consumer,46085,21,2,0
518,SME,20750,20,1,0
519,Enterprise,50903,43,1,1
520,Consumer,218561,31,0,1
521,Consumer,106036,22,1,0
522,Consumer,102954,12,1,0
523,Enterprise,132305,4,1,0
524,SME,215753,3,0,0
525,SME,47101,27,3,0
526,Consumer,17775,13,1,0
527,Consumer,126497,7,0,0
528,Consumer,60619,8,1,0
529,Consumer,267388,34,2,1
530,SME,248346,36,3,1
531,SME,80149,20,2,0
532,Enterprise,41616,17,3,0
533,Enterprise,236767,32,1,1
534,Consumer,200639,7,1,0
535,SME,183171,16,2,0
536,Enterprise,221903,42,1,1
537,SME,246318,30,2,0
538,Consumer,70863,33,1,1
539,Consumer,188115,5,2,0
540,Consumer,268347,21,1,0
541,Enterprise,204052,13,4,0
542,Consumer,293495,2,2,0
543,Consumer,150203,11,1,0
544,SME,262908,35,3,1
545,Consumer,288493,11,2,0
546,Consumer,207003,44,1,1
547,Consumer,289597,1,3,0
548,SME,164886,1,3,0
549,Consumer,164335,14,0,0
550,SME,92694,22,1,0
551,Consumer,30735,28,0,0
552,SME,190745,16,0,0
553,Consumer,235534,31,3,1
554,Consumer,60066,6,1,0
555,SME,246387,29,3,0
556,Consumer,149445,27,0,0
557,Consumer,287836,13,2,0
558,Consumer,60541,43,4,1
559,SME,180129,29,0,0
560,Consumer,81983,16,0,0
561,SME,165655,31,1,1
562,Consumer,168837,45,2,1
563,Consumer,205359,5,2,0
564,Consumer,225747,23,2,0
565,Consumer,192597,5,1,0
566,Consumer,184302,26,3,0
567,Consumer,267084,17,2,0
568,Consumer,136015,23,3,0
569,Enterprise,187257,36,1,1
570,Consumer,261536,23,0,0
571,Consumer,239021,37,3,1
572,SME,145956,33,0,1
573,Consumer,85744,39,1,1
574,Consumer,88616,14,1,0
575,SME,102438,10,0,0
576,Enterprise,131841,21,2,0
577,Consumer,155558,23,1,0
578,Enterprise,184934,0,2,0
579,Consumer,267734,17,3,0
580,Consumer,73870,43,5,1
581,Consumer,101694,11,2,0
582,Enterprise,252068,42,3,1
583,Consumer,116407,27,2,0
584,Consumer,46379,39,3,1
585,Consumer,251500,6,1,0
586,Consumer,69353,22,2,0
587,Consumer,196068,20,0,0
588,Consumer,291175,33,1,1
589,Consumer,226144,10,0,0
590,Consumer,80982,21,3,0
591,Consumer,51683,41,1,1
592,Consumer,129091,34,2,1
593,Consumer,132797,28,1,0
594,Consumer,21587,41,0,1
595,SME,244602,27,2,0
596,Consumer,166599,17,2,0
597,SME,288295,13,2,0
598,Consumer,205246,17,1,0
599,Consumer,59739,27,3,0
600,Consumer,47954,23,4,0
601,Consumer,258935,7,2,0
602,Consumer,124373,41,3,1
603,Consumer,49700,44,2,1
604,Consumer,138728,7,6,1
605,Consumer,86045,3,5,0
606,Consumer,159972,26,1,0
607,Consumer,16881,35,1,1
608,Consumer,297933,4,3,0
609,Consumer,103059,32,3,1
610,SME,229566,33,6,1
611,Consumer,124388,29,2,0
612,SME,213303,7,1,0
613,Consumer,280406,38,0,1
614,Consumer,96972,25,2,0
615,SME,69722,36,3,1
616,Enterprise,196890,33,2,1
617,Consumer,284045,6,3,0
618,Consumer,132473,39,1,1
619,SME,285741,27,1,0
620,SME,230286,38,3,1
621,Consumer,258896,38,0,1
622,Consumer,171877,27,1,0
623,Consumer,26874,13,3,0
624,Consumer,239137,37,2,1
625,Consumer,291223,3,1,0
626,Consumer,110408,41,1,1
627,Consumer,135606,17,6,1
628,SME,135062,43,1,1
629,Consumer,27100,24,2,0
630,Consumer,165872,6,1,0
631,SME,209472,37,1,1
632,SME,249196,27,2,0
633,Consumer,222609,4,2,0
634,Consumer,166014,2,1,0
635,Consumer,298006,43,2,1
636,Consumer,288813,30,1,0
637,Consumer,199844,41,3,1
638,Consumer,293060,19,3,0
639,Consumer,288022,18,3,0
640,Consumer,280129,10,3,0
641,Consumer,219720,39,4,1
642,Consumer,56235,2,3,0
643,Consumer,296075,22,0,0
644,Consumer,107876,6,0,0
645,Consumer,15336,22,2,0
646,SME,84504,6,3,0
647,Consumer,114214,45,1,1
648,SME,197220,33,2,1
649,SME,128936,41,2,1
650,Consumer,31279,18,3,0
651,Consumer,214737,8,0,0
652,Consumer,118751,17,1,0
653,Consumer,86386,40,1,1
654,SME,101124,44,1,1
655,Consumer,106911,41,0,1
656,Consumer,212742,24,2,0
657,Consumer,236094,13,0,0
658,Consumer,252723,43,0,1
659,Consumer,97806,24,2,0
660,Consumer,222605,18,4,0
661,Consumer,245097,38,1,1
662,Enterprise,212478,14,3,0
663,Consumer,185591,15,1,0
664,Consumer,180596,26,2,0
665,Consumer,179957,39,2,1
666,Consumer,247204,9,0,0
667,Consumer,196871,3,3,0
668,Consumer,258154,18,2,0
669,Consumer,87307,27,7,1
670,Consumer,250998,20,1,0
671,Consumer,136757,13,2,0
672,SME,68664,32,1,1
673,Consumer,181536,9,1,0
674,Consumer,274438,18,1,0
675,Consumer,165528,29,6,1
676,Enterprise,290553,21,0,0
677,Consumer,215399,2,1,0
678,Consumer,237472,36,0,1
679,Enterprise,246182,40,6,1
680,SME,296836,17,1,0
681,SME,104037,10,2,0
682,Consumer,224912,1,4,0
683,Consumer,200272,11,0,0
684,SME,239135,5,2,0
685,Enterprise,203487,42,2,1
686,Consumer,33074,39,1,1
687,Consumer,161621,43,4,1
688,Consumer,242434,28,2,0
689,SME,247679,29,2,0
690,Consumer,67265,1,1,0
691,Consumer,31061,8,1,0
692,Consumer,174882,1,6,1
693,Consumer,128502,28,3,0
694,Consumer,299944,32,2,1
695,Consumer,271505,9,4,0
696,Consumer,122228,33,0,1
697,Consumer,221548,43,0,1
698,Consumer,191469,7,2,0
699,Consumer,28233,36,2,1
700,Consumer,257277,32,3,1
701,Consumer,171140,5,2,0
702,Consumer,119135,43,4,1
703,Consumer,232314,39,6,1
704,Consumer,28682,44,0,1
705,Consumer,169455,18,2,0
706,Enterprise,239404,31,0,1
707,Consumer,106198,26,1,0
708,SME,56830,0,0,0
709,Consumer,25234,42,1,1
710,SME,72616,32,4,1
711,SME,286365,39,2,1
712,Consumer,157482,31,5,1
713,Consumer,226127,4,2,0
714,Consumer,207485,16,3,0
715,Consumer,16051,7,1,0
716,Enterprise,91918,41,5,1
717,SME,93116,33,2,1
718,Enterprise,243931,8,0,0
719,Consumer,223547,22,4,0
720,SME,241572,34,1,1
721,Enterprise,146379,6,2,0
722,Consumer,71889,14,5,0
723,Consumer,241256,19,2,0
724,SME,53134,24,2,0
725,Consumer,217834,2,5,0
726,SME,242579,45,0,1
727,Consumer,40954,23,4,0
728,SME,201093,33,3,1
729,Consumer,241999,45,5,1
730,Consumer,225938,21,0,0
731,Consumer,216499,10,2,0
732,SME,282136,7,1,0
733,SME,16961,38,5,1
734,Consumer,27497,42,3,1
735,Consumer,271446,34,1,1
736,SME,290399,45,2,1
737,Consumer,150639,37,0,1
738,SME,250889,7,1,0
739,Consumer,194075,36,5,1
740,Consumer,35389,26,1,0
741,Consumer,190595,27,3,0
742,Consumer,228175,39,1,1
743,SME,18358,33,3,1
744,Consumer,267557,31,5,1
745,Consumer,222596,14,0,0
746,SME,269488,43,1,1
747,Consumer,120982,16,3,0
748,Consumer,243129,32,1,1
749,Enterprise,282842,45,3,1
750,Consumer,108079,15,0,0
751,Consumer,70805,28,1,0
752,Enterprise,177421,8,0,0
753,Consumer,222849,32,2,1
754,Consumer,253483,28,4,0
755,Consumer,59041,12,1,0
756,SME,285146,20,3,0
757,Consumer,122524,20,1,0
758,Consumer,233306,4,2,0
759,SME,34738,9,3,0
760,SME,287847,5,0,0
761,Consumer,128776,12,2,0
762,Consumer,195494,0,3,0
763,Consumer,207971,19,3,0
764,SME,292785,45,1,1
765,Consumer,283449,7,1,0
766,Consumer,244334,9,2,0
767,SME,295926,8,0,0
768,SME,251371,40,1,1
769,Consumer,92963,2,4,0
770,SME,136987,10,1,0
771,Consumer,166638,11,3,0
772,SME,139591,9,5,0
773,Consumer,82766,24,2,0
774,Consumer,21511,24,2,0
775,SME,129816,10,1,0
776,Consumer,264432,35,3,1
777,Consumer,281909,38,1,1
778,SME,166426,25,2,0
779,SME,174892,13,2,0
780,Consumer,126576,38,1,1
781,SME,86088,39,4,1
782,Consumer,92525,0,2,0
783,Consumer,28780,3,1,0
784,Consumer,283733,29,2,0
785,Consumer,119188,11,0,0
786,Enterprise,108326,34,0,1
787,Consumer,80785,12,1,0
788,Consumer,34309,30,0,0
789,Consumer,69195,37,2,1
790,Enterprise,40901,42,4,1
791,Consumer,169648,22,2,0
792,Consumer,40464,3,5,0
793,Consumer,293404,15,4,0
794,Consumer,139997,6,4,0
795,Consumer,71683,21,2,0
796,SME,187502,28,3,0
797,Enterprise,171177,10,3,0
798,Consumer,93484,32,2,1
799,SME,264819,28,3,0
800,Enterprise,221486,38,2,1
801,SME,156449,11,1,0
802,Consumer,68592,6,2,0
803,Consumer,153419,38,1,1
804,Consumer,70798,41,1,1
805,Consumer,150370,25,6,1
806,SME,258767,39,2,1
807,Enterprise,35922,8,1,0
808,Enterprise,241817,40,2,1
809,Consumer,17866,33,1,1
810,Consumer,127669,44,2,1
811,Enterprise,283042,12,4,0
812,SME,295539,35,1,1
813,Consumer,185091,24,1,0
814,Enterprise,281150,23,4,0
815,SME,180465,43,4,1
816,Consumer,288100,16,2,0
817,Consumer,136724,1,3,0
818,Consumer,77901,12,3,0
819,Consumer,215569,30,3,0
820,Consumer,132192,28,1,0
821,SME,187646,27,1,0
822,Consumer,109881,26,0,0
823,Consumer,257934,14,0,0
824,Consumer,147659,30,2,0
825,Consumer,136688,39,2,1
826,Enterprise,130584,14,3,0
827,Consumer,200782,32,3,1
828,Consumer,237820,19,3,0
829,SME,231896,41,2,1
830,Consumer,194689,11,2,0
831,Consumer,180289,36,1,1
832,Consumer,298028,8,1,0
833,Consumer,282598,22,3,0
834,Consumer,89960,7,6,1
835,Consumer,117421,31,0,1
836,Consumer,253245,13,2,0
837,Enterprise,58618,26,2,0
838,Consumer,62111,24,2,0
839,Consumer,231750,12,1,0
840,Consumer,135592,20,2,0
841,Consumer,249000,44,2,1
842,SME,270989,30,2,0
843,Consumer,143652,36,1,1
844,Enterprise,93672,42,2,1
845,Consumer,265351,4,0,0
846,Consumer,232516,12,2,0
847,Consumer,76602,27,2,0
848,Enterprise,218117,42,3,1
849,Consumer,252069,24,0,0
850,Consumer,57222,34,1,1
851,Consumer,256084,38,2,1
852,SME,257318,6,5,0
853,Consumer,80333,37,2,1
854,SME,198804,31,3,1
855,Consumer,64420,2,3,0
856,Consumer,90504,44,0,1
857,Consumer,17462,38,2,1
858,Consumer,286604,36,1,1
859,Consumer,114319,21,1,0
860,Consumer,271674,7,2,0
861,SME,155347,16,2,0
862,Consumer,159341,26,2,0
863,Consumer,144593,32,1,1
864,Consumer,137672,45,3,1
865,Consumer,299697,16,6,1
866,Consumer,59036,41,1,1
867,Consumer,163441,11,4,0
868,Consumer,157867,45,1,1
869,SME,85021,26,2,0
870,Enterprise,176215,7,0,0
871,Consumer,251304,22,3,0
872,Consumer,20368,41,1,1
873,Consumer,150693,28,1,0
874,Consumer,73829,19,1,0
875,Consumer,291863,15,1,0
876,Consumer,44227,16,0,0
877,SME,124430,15,3,0
878,SME,27306,18,0,0
879,Consumer,68822,7,0,0
880,Consumer,39042,37,4,1
881,Consumer,163459,37,3,1
882,SME,104424,28,3,0
883,Consumer,197690,40,1,1
884,Consumer,238122,35,1,1
885,SME,164395,25,3,0
886,Consumer,33019,30,0,0
887,SME,55863,43,3,1
888,Consumer,126023,11,3,0
889,Consumer,156355,16,2,0
890,Consumer,77780,14,1,0
891,SME,207656,8,4,0
892,SME,184024,38,2,1
893,SME,115706,41,3,1
894,Consumer,183735,11,2,0
895,SME,137019,31,3,1
896,Consumer,207453,24,0,0
897,Consumer,194001,38,5,1
898,SME,286487,17,3,0
899,Consumer,115260,14,2,0
900,Consumer,185863,31,4,1
901,Consumer,175206,5,1,0
902,Consumer,193173,43,2,1
903,Consumer,84443,42,1,1
904,Consumer,245183,34,2,1
905,Consumer,150899,33,0,1
906,SME,111143,37,1,1
907,SME,208725,4,2,0
908,Consumer,159771,17,2,0
909,Consumer,263044,15,2,0
910,Consumer,151385,7,3,0
911,Consumer,159670,24,1,0
912,Consumer,126362,31,2,1
913,Consumer,261517,25,1,0
914,Consumer,215462,21,3,0
915,Consumer,191298,30,1,0
916,Consumer,74550,42,1,1
917,Consumer,280702,9,2,0
918,Enterprise,201950,11,1,0
919,SME,73219,27,4,0
920,Consumer,181258,5,1,0
921,SME,179841,19,1,0
922,Consumer,266004,4,1,0
923,SME,272336,22,1,0
924,SME,251495,8,2,0
925,Consumer,68218,28,3,0
926,Consumer,296373,15,3,0
927,Consumer,42877,45,4,1
928,Consumer,204073,21,3,0
929,Consumer,162878,7,0,0
930,Consumer,234707,19,1,0
931,Consumer,256249,13,1,0
932,SME,52034,38,1,1
933,Enterprise,186389,36,3,1
934,Consumer,203868,33,3,1
935,Consumer,25589,10,3,0
936,Consumer,72221,39,2,1
937,Consumer,270927,32,2,1
938,Enterprise,278801,30,3,0
939,Consumer,132229,43,1,1
940,Consumer,67227,33,3,1
941,Consumer,280308,6,2,0
942,Consumer,108078,22,5,0
943,SME,250113,45,2,1
944,SME,65599,6,2,0
945,Consumer,261367,24,1,0
946,Consumer,204651,2,2,0
947,Consumer,83207,37,4,1
948,Enterprise,126426,19,1,0
949,SME,149794,33,1,1
950,Consumer,186103,43,1,1
951,Consumer,225307,43,3,1
952,SME,36438,29,0,0
953,Consumer,73819,16,3,0
954,Enterprise,58856,9,0,0
955,Consumer,74807,34,1,1
956,Consumer,58461,19,0,0
957,Consumer,108474,17,0,0
958,Consumer,297579,44,0,1
959,Consumer,230189,43,1,1
960,SME,269730,26,2,0
961,Consumer,261732,35,1,1
962,Consumer,177793,22,3,0
963,Consumer,69786,31,2,1
964,Consumer,290848,9,4,0
965,Consumer,71635,10,0,0
966,Consumer,255909,37,3,1
967,SME,260984,5,4,0
968,Consumer,127752,40,1,1
969,Consumer,226194,33,4,1
970,Consumer,243584,35,2,1
971,SME,147886,36,0,1
972,Enterprise,93537,16,1,0
973,SME,162580,39,1,1
974,Consumer,100166,39,2,1
975,Consumer,224988,11,2,0
976,Consumer,209840,20,3,0
977,Consumer,49785,39,2,1
978,Consumer,178052,18,3,0
979,Consumer,246791,2,1,0
980,Consumer,81253,17,1,0
981,Consumer,106128,18,3,0
982,SME,176081,5,1,0
983,Consumer,125966,15,3,0
984,Consumer,152854,7,1,0
985,SME,114352,17,2,0
986,Consumer,154379,42,1,1
987,SME,238279,38,2,1
988,Consumer,252281,11,4,0
989,Consumer,123297,44,2,1
990,SME,221946,9,2,0
991,SME,53346,6,3,0
992,SME,127138,45,3,1
993,Consumer,55149,0,1,0
994,Consumer,173598,35,2,1
995,Consumer,143447,20,1,0
996,Consumer,20695,36,3,1
997,Enterprise,54169,23,3,0
998,Consumer,193296,24,1,0
999,Enterprise,171625,6,3,0
1000,Consumer,201098,41,1,1
1001,Consumer,207994,16,2,0
1002,Consumer,16881,28,3,0
1003,SME,94211,29,3,0
1004,SME,171078,6,3,0
1005,SME,242203,32,0,1
1006,SME,210558,6,0,0
1007,SME,151949,23,5,0
1008,SME,54553,10,0,0
1009,Consumer,150758,8,1,0
1010,Consumer,47766,11,0,0
1011,Consumer,46422,34,3,1
1012,Enterprise,289349,3,1,0
1013,Enterprise,169599,35,3,1
1014,Consumer,257555,27,1,0
1015,SME,43202,12,7,1
1016,Enterprise,228456,22,3,0
1017,Consumer,35855,18,2,0
1018,Consumer,206444,41,1,1
1019,Enterprise,118119,36,2,1
1020,Consumer,67003,38,2,1
1021,SME,109837,23,4,0
1022,Consumer,238068,15,1,0
1023,Enterprise,138805,32,5,1
1024,Enterprise,130657,11,1,0
1025,Enterprise,119428,33,2,1
1026,Consumer,137035,6,1,0
1027,SME,245780,10,2,0
1028,SME,232282,30,2,0
1029,Consumer,84518,28,0,0
1030,SME,191355,12,4,0
1031,Consumer,158277,30,2,0
1032,Consumer,135243,1,3,0
1033,Consumer,289892,38,0,1
1034,Consumer,68311,14,2,0
1035,Consumer,37692,10,1,0
1036,SME,139954,33,3,1
1037,Consumer,169934,38,1,1
1038,SME,236468,3,7,1
1039,Consumer,95152,10,2,0
1040,Consumer,19926,28,0,0
1041,Consumer,18969,1,3,0
1042,SME,50733,15,5,0
1043,Consumer,56743,38,1,1
1044,Consumer,145193,12,1,0
1045,SME,185948,36,1,1
1046,Consumer,35323,16,2,0
1047,Consumer,293572,20,1,0
1048,Consumer,49578,43,4,1
1049,SME,101486,18,2,0
1050,Consumer,272450,6,3,0
1051,SME,122325,37,2,1
1052,Consumer,283508,7,0,0
1053,Enterprise,146763,12,1,0
1054,SME,272971,36,5,1
1055,Enterprise,110598,1,4,0
1056,Consumer,212539,40,1,1
1057,SME,191968,10,3,0
1058,Consumer,72062,23,2,0
1059,Consumer,243338,5,3,0
1060,Consumer,225834,25,1,0
1061,SME,159933,6,1,0
1062,Enterprise,242909,38,1,1
1063,SME,103302,18,1,0
1064,Consumer,78928,5,2,0
1065,Consumer,229303,42,2,1
1066,SME,56347,28,0,0
1067,Consumer,18121,42,1,1
1068,Consumer,98793,38,0,1
1069,Consumer,43164,1,2,0
1070,Consumer,74222,18,0,0
1071,Consumer,169237,3,3,0
1072,Consumer,18748,5,2,0
1073,Consumer,41553,36,2,1
1074,Consumer,131547,27,4,0
1075,Enterprise,75380,29,2,0
1076,Consumer,59331,6,1,0
1077,Consumer,242105,8,0,0
1078,SME,135617,24,1,0
1079,Consumer,90910,32,1,1
1080,Enterprise,222288,0,2,0
1081,SME,25068,5,1,0
1082,Consumer,69460,17,4,0
1083,Consumer,61418,9,1,0
1084,SME,143180,27,2,0
1085,Enterprise,277431,10,0,0
1086,Consumer,37337,32,1,1
1087,Consumer,166738,0,2,0
1088,Consumer,262667,12,2,0
1089,Enterprise,147233,36,5,1
1090,Consumer,113064,19,3,0
1091,Enterprise,261686,0,0,0
1092,Consumer,18178,2,1,0
1093,Consumer,46831,17,0,0
1094,Consumer,148248,40,2,1
1095,Consumer,118306,13,2,0
1096,Consumer,179726,30,5,0
1097,Consumer,269292,26,2,0
1098,Consumer,198622,16,2,0
1099,SME,190982,45,3,1
1100,Consumer,105417,28,5,0
1101,Consumer,204323,35,5,1
1102,Enterprise,26984,36,2,1
1103,SME,104312,25,1,0
1104,Enterprise,207458,16,0,0
1105,Enterprise,98291,21,1,0
1106,Consumer,284279,24,1,0
1107,Consumer,15320,1,1,0
1108,SME,167756,21,2,0
1109,SME,241921,4,2,0
1110,Consumer,194971,3,1,0
1111,SME,270083,35,1,1
1112,Consumer,124863,5,1,0
1113,Consumer,56777,20,2,0
1114,Consumer,61250,12,2,0
1115,Consumer,195418,36,1,1
1116,Consumer,230834,24,3,0
1117,Consumer,30216,25,2,0
1118,SME,18009,38,1,1
1119,Consumer,175399,19,1,0
1120,Consumer,160281,32,1,1
1121,SME,194515,13,3,0
1122,Enterprise,30029,35,1,1
1123,SME,225515,16,5,0
1124,SME,203069,20,1,0
1125,SME,129456,45,3,1
1126,Consumer,257471,15,5,0
1127,Consumer,48783,45,1,1
1128,Consumer,49152,15,0,0
1129,Consumer,73741,19,3,0
1130,Consumer,44092,28,2,0
1131,SME,163725,27,0,0
1132,Consumer,245636,7,0,0
1133,Consumer,186541,23,2,0
1134,Consumer,269136,2,1,0
1135,SME,176050,24,2,0
1136,Consumer,102592,18,2,0
1137,SME,58169,32,2,1
1138,Consumer,69745,1,3,0
1139,Consumer,125168,14,2,0
1140,Consumer,128985,21,1,0
1141,SME,282687,9,2,0
1142,Consumer,202464,17,2,0
1143,SME,36067,21,2,0
1144,Consumer,66033,45,4,1
1145,Consumer,60256,26,4,0
1146,SME,236705,12,0,0
1147,SME,254455,32,3,1
1148,SME,215417,4,1,0
1149,SME,101803,25,3,0
1150,SME,218814,12,3,0
1151,SME,133843,26,2,0
1152,SME,43992,13,2,0
1153,SME,227603,23,1,0
1154,SME,63803,2,2,0
1155,Consumer,209549,29,0,0
1156,SME,159282,34,1,1
1157,Consumer,41270,13,2,0
1158,SME,259929,11,1,0
1159,SME,22452,27,2,0
1160,Consumer,29859,43,2,1
1161,SME,47083,28,1,0
1162,Consumer,126462,42,0,1
1163,Consumer,162735,16,2,0
1164,SME,264737,39,3,1
1165,Consumer,296197,20,3,0
1166,SME,157157,22,1,0
1167,SME,205167,19,2,0
1168,Consumer,84517,10,3,0
1169,Consumer,167225,33,1,1
1170,Consumer,151319,9,2,0
1171,Consumer,241453,9,1,0
1172,Enterprise,151645,42,4,1
1173,Consumer,94267,5,2,0
1174,Consumer,153261,35,5,1
1175,Consumer,146004,23,2,0
1176,Consumer,68687,11,4,0
1177,SME,122615,42,3,1
1178,Consumer,42564,22,0,0
1179,SME,22697,26,3,0
1180,Consumer,95165,44,1,1
1181,Enterprise,219994,36,3,1
1182,Consumer,72823,5,2,0
1183,Consumer,24615,0,1,0
1184,Enterprise,91436,5,0,0
1185,Consumer,206591,21,1,0
1186,Enterprise,49782,40,1,1
1187,SME,93533,23,4,0
1188,Consumer,255011,24,1,0
1189,Consumer,204327,14,2,0
1190,SME,87684,25,3,0
1191,Consumer,272165,7,3,0
1192,Consumer,230356,23,1,0
1193,Consumer,231621,37,2,1
1194,Consumer,250295,5,4,0
1195,Consumer,266435,34,5,1
1196,SME,272424,41,1,1
1197,Enterprise,283782,0,2,0
1198,Enterprise,48377,45,3,1
1199,SME,121244,35,2,1
1200,Consumer,189188,11,2,0
1201,SME,228363,37,3,1
1202,Consumer,38382,10,2,0
1203,Consumer,261375,11,0,0
1204,Consumer,202135,41,4,1
1205,Consumer,168466,38,1,1
1206,SME,249318,6,0,0
1207,SME,146936,10,3,0
1208,Consumer,138664,35,3,1
1209,Consumer,167027,30,2,0
1210,Enterprise,118533,32,3,1
1211,Consumer,262997,12,1,0
1212,Consumer,84590,17,1,0
1213,Consumer,259936,40,2,1
1214,SME,63924,23,3,0
1215,SME,24726,8,4,0
1216,Consumer,206896,30,2,0
1217,Consumer,55542,40,4,1
1218,SME,49753,9,1,0
1219,SME,298460,1,0,0
1220,Consumer,248979,37,3,1
1221,Enterprise,99698,14,6,1
1222,Consumer,293104,2,3,0
1223,Consumer,45791,42,3,1
1224,Enterprise,88290,30,3,0
1225,Consumer,62014,5,4,0
1226,Consumer,150150,2,2,0
1227,Consumer,65519,10,1,0
1228,Consumer,281186,14,5,0
1229,Enterprise,64052,44,3,1
1230,Consumer,29389,27,3,0
1231,SME,83111,9,0,0
1232,Consumer,172753,37,0,1
1233,Consumer,104524,6,2,0
1234,Consumer,109913,14,2,0
1235,SME,109108,17,2,0
1236,Consumer,269803,17,0,0
1237,SME,284637,40,0,1
1238,Consumer,84639,23,2,0
1239,Enterprise,246452,1,0,0
1240,Consumer,149066,39,0,1
1241,SME,215352,19,5,0
1242,SME,143674,33,1,1
1243,SME,20594,42,2,1
1244,SME,251907,25,1,0
1245,SME,284515,6,0,0
1246,Consumer,62315,37,0,1
1247,Consumer,229636,29,0,0
1248,Consumer,142251,41,0,1
1249,Enterprise,247520,4,2,0
1250,Consumer,94526,10,4,0
1251,SME,258459,0,0,0
1252,Consumer,162698,33,1,1
1253,Consumer,252330,0,3,0
1254,Consumer,120573,18,1,0
1255,SME,152900,1,2,0
1256,Consumer,250707,20,1,0
1257,Consumer,198736,19,4,0
1258,Consumer,163955,22,3,0
1259,Consumer,189131,20,1,0
1260,Consumer,189004,23,2,0
1261,Consumer,279179,3,1,0
1262,SME,124767,11,4,0
1263,Consumer,32241,21,0,0
1264,Consumer,67975,19,5,0
1265,Consumer,169226,17,2,0
1266,Consumer,71396,0,3,0
1267,Consumer,133920,29,3,0
1268,Consumer,209999,32,1,1
1269,Consumer,101226,23,2,0
1270,Consumer,99719,13,0,0
1271,SME,78014,35,1,1
1272,SME,54346,4,0,0
1273,SME,85411,10,4,0
1274,Consumer,200550,23,4,0
1275,Consumer,158326,30,3,0
1276,Consumer,201806,12,1,0
1277,Consumer,61121,15,4,0
1278,Enterprise,227490,23,1,0
1279,Consumer,99577,12,5,0
1280,Consumer,264106,23,0,0
1281,Consumer,150909,25,3,0
1282,SME,16466,1,0,0
1283,Consumer,244638,15,4,0
1284,Consumer,103422,37,1,1
1285,Consumer,279037,45,2,1
1286,Consumer,111907,0,2,0
1287,Consumer,223434,10,2,0
1288,Consumer,233532,34,1,1
1289,Consumer,273093,42,2,1
1290,Consumer,167271,28,3,0
1291,Consumer,220400,36,1,1
1292,Consumer,182477,16,2,0
1293,Consumer,244304,38,4,1
1294,SME,30989,41,2,1
1295,SME,286434,27,1,0
1296,Consumer,136136,28,0,0
1297,Consumer,222370,42,2,1
1298,Consumer,141299,2,2,0
1299,Consumer,176205,9,2,0
1300,SME,258688,41,2,1
1301,Consumer,120686,13,0,0
1302,Enterprise,97666,11,3,0
1303,Consumer,203728,41,1,1
1304,Consumer,150705,29,3,0
1305,SME,122573,31,5,1
1306,SME,243892,31,4,1
1307,SME,284152,41,2,1
1308,SME,173477,31,2,1
1309,Consumer,263141,25,5,0
1310,SME,105909,0,0,0
1311,Consumer,166899,41,2,1
1312,SME,75354,1,4,0
1313,Consumer,33157,16,6,1
1314,SME,50315,29,0,0
1315,Consumer,160486,38,2,1
1316,Consumer,273669,6,1,0
1317,Consumer,147018,26,1,0
1318,SME,291837,8,3,0
1319,Consumer,110790,21,3,0
1320,Consumer,87255,33,4,1
1321,Consumer,210829,45,2,1
1322,Consumer,187275,0,4,0
1323,SME,207933,8,4,0
1324,Consumer,276439,19,4,0
1325,Enterprise,26350,18,3,0
1326,Consumer,201584,35,3,1
1327,Consumer,116894,39,3,1
1328,SME,46728,44,1,1
1329,SME,294720,3,1,0
1330,Consumer,98384,8,3,0
1331,Consumer,15390,40,6,1
1332,SME,26569,21,0,0
1333,Consumer,37490,17,2,0
1334,Enterprise,283011,11,2,0
1335,Enterprise,95820,41,0,1
1336,SME,286265,42,7,1
1337,Consumer,16539,38,3,1
1338,SME,78965,8,4,0
1339,Consumer,112799,5,6,1
1340,Consumer,108948,18,2,0
1341,Consumer,158314,6,1,0
1342,Consumer,263099,15,2,0
1343,SME,286091,4,0,0
1344,SME,258322,15,1,0
1345,SME,217538,0,1,0
1346,Consumer,249778,36,5,1
1347,Consumer,270821,38,2,1
1348,Consumer,207888,18,2,0
1349,Enterprise,277651,36,4,1
1350,Consumer,173223,16,1,0
1351,SME,26618,25,4,0
1352,Consumer,293266,21,0,0
1353,Consumer,153426,7,5,0
1354,SME,101436,32,0,1
1355,Consumer,225448,1,0,0
1356,SME,151109,29,2,0
1357,Enterprise,43633,19,2,0
1358,Consumer,227456,17,0,0
1359,Consumer,153442,42,2,1
1360,Consumer,134873,9,5,0
1361,Enterprise,86947,23,2,0
1362,Consumer,185205,3,4,0
1363,Consumer,242107,36,1,1
1364,Consumer,110761,3,2,0
1365,SME,43926,12,0,0
1366,Consumer,119700,24,1,0
1367,SME,64593,12,1,0
1368,Enterprise,20209,17,0,0
1369,Consumer,141700,23,0,0
1370,Consumer,101597,1,3,0
1371,Enterprise,284355,32,2,1
1372,Consumer,24927,18,1,0
1373,SME,223535,8,4,0
1374,Consumer,132333,27,2,0
1375,Consumer,170666,34,4,1
1376,SME,220924,38,1,1
1377,Consumer,223785,9,3,0
1378,Consumer,154005,0,0,0
1379,Consumer,118780,41,2,1
1380,Consumer,55696,20,3,0
1381,Consumer,211521,8,0,0
1382,Consumer,172195,14,4,0
1383,Enterprise,65013,34,3,1
1384,Consumer,231486,4,4,0
1385,SME,254350,40,0,1
1386,Consumer,41140,21,0,0
1387,SME,278328,40,3,1
1388,Consumer,170918,22,4,0
1389,Enterprise,126361,6,1,0
1390,Consumer,168267,22,4,0
1391,Consumer,282750,43,2,1
1392,Consumer,31555,24,1,0
1393,Consumer,105385,26,2,0
1394,Consumer,270658,40,1,1
1395,Consumer,172419,5,2,0
1396,SME,244797,33,3,1
1397,Consumer,118844,8,1,0
1398,Consumer,106321,32,2,1
1399,Consumer,209923,5,4,0
1400,SME,113234,36,0,1
1401,Consumer,242705,30,4,0
1402,Consumer,216283,33,2,1
1403,Consumer,44793,40,0,1
1404,SME,163929,28,1,0
1405,SME,34627,13,1,0
1406,Consumer,237633,35,1,1
1407,SME,239440,35,3,1
1408,SME,190188,14,1,0
1409,Consumer,273191,7,1,0
1410,SME,138099,25,4,0
1411,Consumer,224074,35,1,1
1412,Consumer,188686,20,2,0
1413,Consumer,289864,27,2,0
1414,Consumer,122449,3,0,0
1415,Consumer,117828,15,1,0
1416,Enterprise,141613,21,3,0
1417,Consumer,87095,11,3,0
1418,Consumer,120924,15,1,0
1419,Consumer,111452,39,1,1
1420,Enterprise,102593,37,0,1
1421,Consumer,181964,41,0,1
1422,Consumer,141202,36,2,1
1423,Consumer,92606,28,8,1
1424,Consumer,138769,17,2,0
1425,Enterprise,133542,9,4,0
1426,Enterprise,278068,41,2,1
1427,Consumer,66322,38,2,1
1428,Enterprise,172550,17,3,0
1429,Consumer,86042,0,3,0
1430,SME,61418,38,2,1
1431,Consumer,115699,20,3,0
1432,Consumer,105140,0,1,0
1433,Consumer,26781,14,6,1
1434,SME,112628,3,2,0
1435,Consumer,91946,19,4,0
1436,Consumer,100058,9,3,0
1437,Consumer,166542,22,1,0
1438,SME,285675,40,1,1
1439,Consumer,57674,33,0,1
1440,SME,142572,45,0,1
1441,Enterprise,240730,32,3,1
1442,Consumer,72174,33,2,1
1443,SME,288423,38,4,1
1444,Consumer,271008,9,5,0
1445,SME,68051,19,2,0
1446,Consumer,218085,0,0,0
1447,SME,80524,12,8,1
1448,SME,283614,0,8,1
1449,Enterprise,246189,4,4,0
1450,SME,59439,15,0,0
1451,Consumer,291452,14,2,0
1452,Consumer,106563,27,1,0
1453,SME,242328,30,0,0
1454,Consumer,221314,22,1,0
1455,Consumer,24837,44,2,1
1456,Enterprise,250207,42,2,1
1457,SME,133128,16,1,0
1458,SME,182896,33,0,1
1459,Consumer,179145,12,0,0
1460,SME,112624,13,4,0
1461,Consumer,204933,10,1,0
1462,SME,45063,27,1,0
1463,Consumer,84453,41,2,1
1464,SME,269371,31,1,1
1465,Enterprise,117166,34,2,1
1466,Consumer,29506,30,1,0
1467,Enterprise,240413,16,2,0
1468,Consumer,128604,8,4,0
1469,SME,41026,9,3,0
1470,SME,270116,7,1,0
1471,Consumer,205285,20,2,0
1472,SME,65971,12,2,0
1473,SME,128978,4,0,0
1474,Consumer,174163,5,5,0
1475,Consumer,118864,29,3,0
1476,SME,110386,30,3,0
1477,SME,101126,16,4,0
1478,SME,177023,10,5,0
1479,SME,95863,19,1,0
1480,Consumer,140659,8,2,0
1481,SME,205944,1,2,0
1482,Consumer,22235,36,1,1
1483,Consumer,77712,0,4,0
1484,Consumer,167545,3,0,0
1485,Consumer,213639,35,5,1
1486,Consumer,252890,24,0,0
1487,Consumer,140849,2,1,0
1488,SME,270493,8,2,0
1489,Consumer,94823,21,1,0
1490,Consumer,119215,22,0,0
1491,Consumer,256071,11,0,0
1492,Consumer,47230,9,0,0
1493,Consumer,238660,33,1,1
1494,Consumer,194736,42,3,1
1495,Consumer,138246,9,5,0
1496,SME,99817,29,1,0
1497,Consumer,253657,21,0,0
1498,Consumer,232033,5,0,0
1499,Consumer,246414,1,3,0
1500,SME,271812,29,3,0
1501,Consumer,85219,1,3,0
1502,Consumer,185956,31,1,1
1503,Consumer,272134,41,0,1
1504,Consumer,36650,15,1,0
1505,Consumer,185521,11,6,1
1506,Consumer,185733,0,2,0
1507,Consumer,257037,7,3,0
1508,Consumer,95428,12,1,0
1509,Consumer,221251,14,2,0
1510,SME,24943,43,0,1
1511,SME,189312,7,5,0
1512,SME,36042,9,1,0
1513,Enterprise,267842,45,3,1
1514,Consumer,201443,4,2,0
1515,Consumer,166990,18,2,0
1516,Consumer,229304,37,1,1
1517,Consumer,159923,10,2,0
1518,SME,216904,42,0,1
1519,Consumer,202428,19,2,0
1520,Enterprise,160817,19,1,0
1521,Consumer,20730,20,0,0
1522,Enterprise,244502,17,6,1
1523,Consumer,217210,9,2,0
1524,Consumer,229183,33,4,1
1525,Consumer,34023,25,0,0
1526,Consumer,141796,29,1,0
1527,Consumer,299981,8,1,0
1528,Consumer,191111,45,2,1
1529,SME,35923,30,1,0
1530,Consumer,286020,41,1,1
1531,Consumer,209795,3,1,0
1532,Consumer,248462,5,2,0
1533,SME,66413,13,3,0
1534,Consumer,270719,3,3,0
1535,Consumer,43756,25,0,0
1536,Consumer,133248,38,7,1
1537,Consumer,287448,16,2,0
1538,SME,45341,18,2,0
1539,Consumer,142039,5,2,0
1540,Consumer,206830,28,2,0
1541,SME,177730,10,0,0
1542,Consumer,195074,15,3,0
1543,Consumer,249390,29,0,0
1544,Consumer,147447,24,1,0
1545,Enterprise,114485,39,4,1
1546,Consumer,299236,10,2,0
1547,SME,146562,6,3,0
1548,Consumer,18729,25,3,0
1549,Consumer,152046,21,3,0
1550,Consumer,133222,24,1,0
1551,Enterprise,98860,18,1,0
1552,Consumer,273360,30,2,0
1553,SME,36398,25,1,0
1554,SME,118889,41,2,1
1555,Consumer,280303,40,4,1
1556,Consumer,240959,35,5,1
1557,Consumer,117834,22,1,0
1558,Consumer,36638,12,3,0
1559,SME,278217,24,1,0
1560,Enterprise,230379,1,2,0
1561,Consumer,247069,1,4,0
1562,Consumer,44320,15,2,0
1563,SME,49924,8,1,0
1564,Consumer,227792,27,3,0
1565,SME,186097,12,3,0
1566,Consumer,17159,34,3,1
1567,SME,63940,40,4,1
1568,Consumer,94436,12,2,0
1569,Consumer,29678,30,3,0
1570,Consumer,207147,20,1,0
1571,Consumer,152844,31,1,1
1572,Consumer,82163,33,1,1
1573,SME,256040,7,1,0
1574,SME,219827,40,3,1
1575,Consumer,169536,1,4,0
1576,Consumer,66137,37,2,1
1577,Consumer,115485,31,2,1
1578,Consumer,255970,39,4,1
1579,Consumer,120468,27,2,0
1580,Consumer,15901,36,2,1
1581,Consumer,102980,40,2,1
1582,Consumer,280025,0,1,0
1583,Consumer,257434,40,5,1
1584,Consumer,217258,9,5,0
1585,Enterprise,266839,3,0,0
1586,Consumer,87572,34,0,1
1587,SME,54255,9,2,0
1588,Consumer,78212,10,1,0
1589,Consumer,37499,13,2,0
1590,SME,117552,37,1,1
1591,SME,76360,11,3,0
1592,Enterprise,158704,44,2,1
1593,Consumer,176679,16,0,0
1594,Consumer,106873,15,2,0
1595,SME,80756,34,2,1
1596,Consumer,209454,1,0,0
1597,Consumer,42464,10,0,0
1598,Consumer,136897,40,0,1
1599,Consumer,98791,2,5,0
1600,SME,170371,28,3,0
1601,Consumer,194047,17,2,0
1602,Consumer,147534,19,2,0
1603,Consumer,96441,13,1,0
1604,Consumer,252612,33,3,1
1605,Consumer,246444,30,1,0
1606,Consumer,291319,39,2,1
1607,Consumer,152263,41,0,1
1608,SME,99518,17,2,0
1609,Consumer,226230,29,4,0
1610,Consumer,62645,24,3,0
1611,SME,254608,18,1,0
1612,SME,38283,7,1,0
1613,Consumer,205195,27,1,0
1614,Consumer,117780,7,1,0
1615,Consumer,15515,30,1,0
1616,SME,243872,2,2,0
1617,Enterprise,73755,2,1,0
1618,SME,42856,43,2,1
1619,Consumer,88870,21,2,0
1620,SME,152080,16,2,0
1621,Consumer,285131,35,1,1
1622,Consumer,111502,16,2,0
1623,Consumer,81323,13,0,0
1624,Enterprise,287017,8,0,0
1625,Consumer,228614,29,2,0
1626,SME,182516,20,1,0
1627,Consumer,120219,11,1,0
1628,Consumer,20033,36,7,1
1629,Consumer,292833,31,0,1
1630,Consumer,124756,10,0,0
1631,SME,277210,19,3,0
1632,Consumer,129159,34,1,1
1633,SME,191318,45,1,1
1634,SME,22533,10,0,0
1635,Enterprise,216224,7,7,1
1636,Consumer,257653,3,3,0
1637,Consumer,124028,26,2,0
1638,Consumer,288916,43,2,1
1639,Enterprise,265231,39,1,1
1640,Enterprise,27940,37,3,1
1641,Consumer,31932,29,1,0
1642,SME,241377,43,2,1
1643,Consumer,39648,26,1,0
1644,Consumer,47966,20,1,0
1645,Consumer,270733,19,0,0
1646,SME,178639,3,3,0
1647,Consumer,261331,10,3,0
1648,SME,57598,12,2,0
1649,SME,205271,8,2,0
1650,SME,190309,3,1,0
1651,Consumer,211569,11,3,0
1652,Consumer,146250,8,1,0
1653,Consumer,263004,12,1,0
1654,Consumer,32118,25,3,0
1655,Consumer,37616,37,3,1
1656,Enterprise,146870,41,2,1
1657,Consumer,284745,12,2,0
1658,Consumer,17795,38,3,1
1659,Consumer,112462,27,1,0
1660,Consumer,280228,18,1,0
1661,Consumer,277875,23,1,0
1662,Consumer,147201,18,3,0
1663,Enterprise,174094,12,4,0
1664,Consumer,278749,12,5,0
1665,Enterprise,92506,27,2,0
1666,SME,255313,1,2,0
1667,Consumer,59130,9,1,0
1668,Enterprise,178402,21,2,0
1669,Consumer,161259,12,5,0
1670,SME,216682,8,3,0
1671,Consumer,238034,32,2,1
1672,SME,114694,13,1,0
1673,SME,34773,19,5,0
1674,SME,281383,14,2,0
1675,SME,298007,31,2,1
1676,Consumer,83968,32,1,1
1677,Consumer,75430,16,1,0
1678,Consumer,265072,23,0,0
1679,Consumer,16515,29,3,0
1680,SME,112206,12,3,0
1681,Consumer,260282,15,1,0
1682,Enterprise,250702,1,2,0
1683,Consumer,20586,16,4,0
1684,SME,260277,31,2,1
1685,Consumer,46186,42,1,1
1686,SME,41928,7,3,0
1687,Enterprise,244336,2,6,1
1688,Consumer,229159,11,2,0
1689,Consumer,35711,19,0,0
1690,SME,69962,15,3,0
1691,Consumer,35039,13,1,0
1692,Consumer,51561,15,1,0
1693,Consumer,221555,42,1,1
1694,Consumer,234730,32,5,1
1695,Consumer,16577,29,0,0
1696,Consumer,122792,11,3,0
1697,Consumer,262980,14,1,0
1698,Consumer,253540,17,0,0
1699,Enterprise,243506,27,2,0
1700,Consumer,227489,22,0,0
1701,Enterprise,25785,13,3,0
1702,Consumer,87227,29,1,0
1703,Consumer,80431,32,1,1
1704,Consumer,262941,44,1,1
1705,Consumer,209844,14,4,0
1706,Consumer,165653,6,1,0
1707,Consumer,278606,14,2,0
1708,Consumer,210245,41,1,1
1709,Consumer,190486,45,2,1
1710,SME,87573,37,0,1
1711,Consumer,239737,45,2,1
1712,Consumer,134682,43,2,1
1713,SME,28386,10,2,0
1714,Consumer,69460,28,1,0
1715,Consumer,130375,30,2,0
1716,Enterprise,167117,24,0,0
1717,Consumer,131582,23,4,0
1718,SME,258015,18,2,0
1719,Enterprise,168778,1,5,0
1720,Consumer,67335,21,2,0
1721,Consumer,244087,19,3,0
1722,Consumer,67949,32,2,1
1723,Consumer,110558,7,3,0
1724,Consumer,279860,24,1,0
1725,SME,162646,45,1,1
1726,Consumer,257887,8,2,0
1727,Consumer,207898,33,1,1
1728,Enterprise,166285,22,2,0
1729,SME,86916,4,3,0
1730,Consumer,212223,24,2,0
1731,Consumer,274590,7,2,0
1732,Consumer,263090,15,1,0
1733,Consumer,65906,44,2,1
1734,Consumer,277607,14,1,0
1735,Consumer,89694,0,2,0
1736,SME,297152,21,2,0
1737,Consumer,85474,2,1,0
1738,Consumer,53185,37,3,1
1739,Consumer,277048,13,0,0
1740,Consumer,271574,35,2,1
1741,SME,217211,17,3,0
1742,SME,37504,40,2,1
1743,SME,69970,17,2,0
1744,Consumer,293910,2,3,0
1745,Consumer,131944,9,2,0
1746,Consumer,188615,38,2,1
1747,Consumer,179211,0,4,0
1748,Consumer,135494,26,3,0
1749,SME,249941,26,2,0
1750,Consumer,23802,10,4,0
1751,Consumer,186277,4,2,0
1752,Consumer,26516,6,0,0
1753,Consumer,128758,18,1,0
1754,Consumer,45480,28,3,0
1755,Enterprise,198163,14,3,0
1756,SME,143023,34,3,1
1757,Enterprise,193838,36,2,1
1758,Consumer,286409,11,4,0
1759,Consumer,129165,29,2,0
1760,Consumer,134501,19,2,0
1761,Consumer,264329,36,2,1
1762,SME,292530,2,4,0
1763,Consumer,136635,8,4,0
1764,Consumer,189326,40,1,1
1765,Consumer,235935,38,0,1
1766,Consumer,68634,25,2,0
1767,SME,193734,1,2,0
1768,Consumer,249856,22,2,0
1769,Consumer,233599,22,3,0
1770,Consumer,252919,20,4,0
1771,Consumer,82443,15,2,0
1772,SME,56505,8,3,0
1773,SME,117478,12,4,0
1774,Enterprise,77699,27,0,0
1775,SME,169721,26,3,0
1776,Consumer,151668,16,1,0
1777,SME,293518,37,2,1
1778,Consumer,133686,35,2,1
1779,Consumer,280919,0,3,0
1780,SME,298173,17,2,0
1781,Consumer,98981,8,1,0
1782,Enterprise,129010,12,2,0
1783,Consumer,46105,39,2,1
1784,Consumer,274021,44,0,1
1785,SME,162032,14,1,0
1786,SME,141519,42,3,1
1787,Consumer,157429,43,1,1
1788,Consumer,292948,45,1,1
1789,Consumer,142732,3,1,0
1790,Consumer,160698,32,2,1
1791,Consumer,174204,23,2,0
1792,SME,285095,35,2,1
1793,Consumer,296209,40,2,1
1794,SME,120072,9,3,0
1795,Consumer,155202,35,1,1
1796,Consumer,104360,19,2,0
1797,SME,77287,40,0,1
1798,Consumer,253009,44,2,1
1799,Consumer,197774,43,5,1
1800,Consumer,183065,10,1,0
1801,Enterprise,177947,11,0,0
1802,SME,261356,17,1,0
1803,Consumer,152126,29,1,0
1804,Consumer,245881,43,2,1
1805,Consumer,122357,36,5,1
1806,SME,222440,19,4,0
1807,SME,44670,24,2,0
1808,Consumer,174379,11,2,0
1809,Consumer,259159,20,2,0
1810,Consumer,213159,24,5,0
1811,SME,209152,10,0,0
1812,SME,94335,8,4,0
1813,Consumer,81985,24,4,0
1814,Consumer,145744,34,2,1
1815,Consumer,266713,31,1,1
1816,Enterprise,186349,13,1,0
1817,Consumer,46551,0,1,0
1818,SME,104813,16,1,0
1819,Consumer,191284,24,1,0
1820,Consumer,24637,7,3,0
1821,Consumer,144553,4,3,0
1822,Consumer,41950,4,2,0
1823,Consumer,142870,40,4,1
1824,SME,15215,34,3,1
1825,Consumer,288667,18,2,0
1826,Consumer,38834,22,1,0
1827,Consumer,58066,8,4,0
1828,Enterprise,287544,29,1,0
1829,SME,25345,15,4,0
1830,Consumer,48896,32,0,1
1831,Enterprise,282727,1,2,0
1832,Consumer,86537,13,2,0
1833,Consumer,255489,45,2,1
1834,SME,89807,0,3,0
1835,SME,144648,25,4,0
1836,SME,159401,24,3,0
1837,Consumer,247117,15,4,0
1838,Consumer,263780,14,0,0
1839,Enterprise,228286,25,4,0
1840,Consumer,52052,43,3,1
1841,Consumer,61032,15,5,0
1842,Consumer,113802,13,2,0
1843,Consumer,249337,28,3,0
1844,Consumer,187857,23,5,0
1845,Enterprise,211753,14,2,0
1846,Consumer,235934,18,0,0
1847,Consumer,241599,7,3,0
1848,Consumer,128221,33,1,1
1849,SME,141457,1,3,0
1850,Consumer,293720,26,1,0
1851,Consumer,134875,9,2,0
1852,SME,46601,34,2,1
1853,SME,119186,22,1,0
1854,SME,180707,7,2,0
1855,Enterprise,284609,27,3,0
1856,Consumer,71754,22,1,0
1857,SME,244047,3,5,0
1858,Consumer,107850,13,0,0
1859,SME,231191,41,1,1
1860,SME,53871,28,1,0
1861,SME,208946,0,3,0
1862,SME,264200,3,1,0
1863,Consumer,216239,31,0,1
1864,Consumer,249453,32,2,1
1865,Enterprise,47574,25,1,0
1866,Enterprise,117072,16,0,0
1867,Consumer,219603,38,2,1
1868,Consumer,171258,22,3,0
1869,Consumer,168885,31,2,1
1870,SME,224884,14,2,0
1871,SME,231597,12,3,0
1872,Consumer,124779,1,1,0
1873,Consumer,33557,18,1,0
1874,SME,174132,23,5,0
1875,SME,246977,44,5,1
1876,Consumer,152152,23,1,0
1877,Consumer,159926,10,5,0
1878,Consumer,213767,21,2,0
1879,Consumer,173097,14,1,0
1880,Consumer,199054,9,1,0
1881,SME,56081,40,3,1
1882,SME,245693,26,5,0
1883,Consumer,170063,8,1,0
1884,SME,278445,27,2,0
1885,Consumer,174682,0,0,0
1886,Consumer,96463,16,4,0
1887,Consumer,180750,30,1,0
1888,Consumer,41081,43,0,1
1889,SME,39354,9,1,0
1890,Enterprise,108297,36,4,1
1891,Consumer,295444,28,3,0
1892,Consumer,79384,17,3,0
1893,SME,136684,37,1,1
1894,Consumer,50525,38,1,1
1895,Consumer,21464,5,3,0
1896,SME,31562,39,3,1
1897,Consumer,70514,11,2,0
1898,Consumer,127564,13,2,0
1899,Consumer,47634,43,3,1
1900,SME,277204,9,4,0
1901,Consumer,286413,19,3,0
1902,Consumer,209215,14,2,0
1903,SME,38065,30,3,0
1904,Consumer,280039,6,1,0
1905,SME,158424,40,3,1
1906,Consumer,119127,9,2,0
1907,Enterprise,111426,9,2,0
1908,Consumer,207376,38,2,1
1909,Consumer,26962,27,2,0
1910,Consumer,48302,29,6,1
1911,Consumer,19011,36,1,1
1912,SME,34782,2,1,0
1913,Enterprise,213763,42,5,1
1914,Consumer,135654,14,3,0
1915,Consumer,24196,20,5,0
1916,SME,58459,36,2,1
1917,SME,102245,11,2,0
1918,Consumer,93863,3,1,0
1919,Consumer,265463,8,2,0
1920,Consumer,47769,38,2,1
1921,SME,271433,41,2,1
1922,Consumer,39700,27,3,0
1923,Consumer,261864,22,2,0
1924,Consumer,226428,44,0,1
1925,SME,246237,39,1,1
1926,Consumer,282413,43,2,1
1927,Consumer,129003,21,7,1
1928,Consumer,154392,23,1,0
1929,Consumer,64589,25,3,0
1930,Consumer,265606,29,2,0
1931,Consumer,222348,32,1,1
1932,Consumer,50897,15,3,0
1933,Consumer,204637,21,3,0
1934,Consumer,177002,42,3,1
1935,SME,203305,17,1,0
1936,SME,228893,6,4,0
1937,Consumer,291524,25,4,0
1938,SME,222968,7,2,0
1939,Consumer,85934,5,1,0
1940,Consumer,70830,29,3,0
1941,Consumer,282673,38,1,1
1942,Consumer,267364,22,1,0
1943,SME,248294,31,2,1
1944,SME,97987,21,2,0
1945,SME,64178,41,2,1
1946,Consumer,153009,42,1,1
1947,Consumer,54886,44,1,1
1948,Consumer,64699,8,1,0
1949,Consumer,91396,30,5,0
1950,Consumer,105678,6,3,0
1951,Consumer,40279,8,2,0
1952,Consumer,125776,12,2,0
1953,Consumer,116444,2,1,0
1954,SME,128793,34,0,1
1955,Enterprise,225809,32,4,1
1956,Enterprise,186616,20,1,0
1957,Consumer,257262,30,2,0
1958,Consumer,23997,33,3,1
1959,Consumer,121102,31,1,1
1960,SME,55860,34,1,1
1961,Consumer,280369,14,0,0
1962,Consumer,125114,31,2,1
1963,SME,128218,5,1,0
1964,Consumer,122041,44,2,1
1965,Consumer,207150,20,4,0
1966,Consumer,91290,32,3,1
1967,Consumer,71633,31,1,1
1968,Consumer,136118,18,3,0
1969,Consumer,189673,32,1,1
1970,Consumer,18114,27,0,0
1971,Consumer,64768,30,3,0
1972,SME,98123,20,2,0
1973,Consumer,123255,33,4,1
1974,Consumer,181405,14,1,0
1975,Consumer,18174,13,3,0
1976,Enterprise,132769,18,2,0
1977,Consumer,150393,42,0,1
1978,Consumer,242043,14,1,0
1979,SME,257580,5,2,0
1980,SME,201493,8,4,0
1981,Consumer,87635,36,0,1
1982,SME,156385,19,0,0
1983,Consumer,257878,33,2,1
1984,Consumer,232070,37,3,1
1985,Consumer,291274,25,2,0
1986,Consumer,165056,17,1,0
1987,SME,158933,27,3,0
1988,Consumer,113970,8,1,0
1989,Consumer,97203,31,1,1
1990,SME,207319,5,5,0
1991,SME,215173,13,1,0
1992,Consumer,167049,27,1,0
1993,Consumer,232726,23,1,0
1994,Consumer,87902,12,2,0
1995,SME,107172,42,2,1
1996,SME,161702,11,2,0
1997,Enterprise,35056,18,1,0
1998,Consumer,153454,20,1,0
1999,Consumer,70739,26,3,0
2000,Consumer,63639,18,1,0
2001,Consumer,278136,23,0,0
2002,Consumer,87394,25,1,0
2003,Enterprise,197447,44,4,1
2004,Consumer,165644,27,1,0
2005,Consumer,19136,45,1,1
2006,SME,76868,17,0,0
2007,Consumer,125957,43,3,1
2008,SME,30479,35,3,1
2009,Consumer,134392,41,2,1
2010,Consumer,177448,28,0,0
2011,Consumer,150895,16,0,0
2012,Consumer,271228,3,2,0
2013,Enterprise,216528,43,2,1
2014,Consumer,296729,44,0,1
2015,Consumer,249847,28,3,0
2016,Consumer,280864,3,2,0
2017,Consumer,296411,9,1,0
2018,SME,161768,24,2,0
2019,Consumer,176040,30,2,0
2020,SME,66567,2,3,0
2021,Enterprise,106229,1,2,0
2022,Consumer,214316,24,2,0
2023,Enterprise,211497,5,2,0
2024,Consumer,97844,25,2,0
2025,Consumer,178991,7,0,0
2026,Consumer,105697,34,1,1
2027,SME,72196,26,3,0
2028,Enterprise,130600,24,4,0
2029,Consumer,115625,17,1,0
2030,SME,48324,0,3,0
2031,Consumer,66272,38,4,1
2032,Consumer,264264,2,2,0
2033,Consumer,178996,3,1,0
2034,Enterprise,242459,40,1,1
2035,Consumer,169961,36,5,1
2036,Consumer,251538,14,2,0
2037,Consumer,69675,7,1,0
2038,Consumer,88591,37,0,1
2039,Consumer,168706,18,1,0
2040,Consumer,209824,25,1,0
2041,SME,244530,38,2,1
2042,Consumer,128627,9,2,0
2043,Consumer,228988,37,0,1
2044,Consumer,52394,13,0,0
2045,SME,94795,40,7,1
2046,SME,290160,18,0,0
2047,Consumer,57137,29,4,0
2048,SME,153925,4,1,0
2049,Consumer,27379,30,3,0
2050,Consumer,136169,6,1,0
2051,Consumer,184439,18,3,0
2052,Consumer,164172,30,1,0
2053,Consumer,141082,38,3,1
2054,Enterprise,26049,23,0,0
2055,SME,176771,33,2,1
2056,SME,183112,22,2,0
2057,Consumer,264527,44,1,1
2058,Consumer,239062,39,3,1
2059,SME,72986,5,2,0
2060,Consumer,169672,37,0,1
2061,Consumer,236849,40,3,1
2062,Consumer,231775,35,1,1
2063,SME,120315,26,4,0
2064,Consumer,297229,10,1,0
2065,Consumer,192926,4,1,0
2066,SME,230341,16,3,0
2067,Consumer,185851,6,2,0
2068,Consumer,202279,26,2,0
2069,Consumer,240687,14,1,0
2070,Consumer,160213,45,3,1
2071,SME,155416,12,1,0
2072,Consumer,30896,10,1,0
2073,Consumer,104353,44,3,1
2074,SME,44813,25,4,0
2075,SME,230503,21,2,0
2076,SME,80679,27,1,0
2077,Consumer,156753,23,1,0
2078,Consumer,218975,28,2,0
2079,Enterprise,280372,8,2,0
2080,SME,224755,41,0,1
2081,Consumer,288541,3,1,0
2082,Consumer,94183,45,1,1
2083,Consumer,57317,17,1,0
2084,Enterprise,193986,42,1,1
2085,Consumer,230705,15,2,0
2086,Consumer,191326,32,2,1
2087,Consumer,67344,28,1,0
2088,SME,261060,38,2,1
2089,SME,214618,9,2,0
2090,Consumer,174484,8,1,0
2091,SME,125489,30,1,0
2092,Enterprise,273667,27,3,0
2093,Consumer,26549,2,3,0
2094,Consumer,40739,13,3,0
2095,Consumer,298353,24,1,0
2096,SME,122051,14,4,0
2097,Consumer,30116,1,3,0
2098,Consumer,35045,23,4,0
2099,SME,50709,13,1,0
2100,Consumer,172977,6,0,0
2101,Enterprise,218675,35,4,1
2102,Consumer,244167,23,1,0
2103,Consumer,234222,26,1,0
2104,SME,204518,36,4,1
2105,SME,198500,37,3,1
2106,Consumer,283591,29,1,0
2107,SME,20499,26,0,0
2108,Enterprise,54041,38,3,1
2109,Consumer,147371,14,2,0
2110,Enterprise,151066,25,1,0
2111,Consumer,241486,0,1,0
2112,Consumer,227235,3,2,0
2113,Consumer,272831,28,1,0
2114,SME,131220,0,2,0
2115,SME,236421,42,1,1
2116,Consumer,279140,45,3,1
2117,Consumer,266071,21,4,0
2118,Consumer,18089,10,6,1
2119,Consumer,297803,9,2,0
2120,SME,110965,16,2,0
2121,SME,96268,35,2,1
2122,Consumer,216798,25,3,0
2123,Enterprise,252103,20,3,0
2124,Consumer,259754,12,2,0
2125,Enterprise,180637,8,3,0
2126,SME,104242,10,3,0
2127,Consumer,168956,10,3,0
2128,Consumer,294343,5,0,0
2129,SME,75038,0,3,0
2130,Consumer,72786,5,2,0
2131,Consumer,251042,12,1,0
2132,Consumer,224087,21,4,0
2133,Consumer,180250,30,3,0
2134,Consumer,277678,21,2,0
2135,SME,204826,36,1,1
2136,SME,61233,26,4,0
2137,Consumer,212780,13,1,0
2138,SME,239522,4,1,0
2139,Consumer,121311,35,1,1
2140,SME,49409,31,1,1
2141,SME,261231,33,2,1
2142,Consumer,44709,6,1,0
2143,SME,124321,41,2,1
2144,Consumer,15363,9,6,1
2145,Consumer,287502,16,2,0
2146,SME,60689,29,3,0
2147,Consumer,279080,20,3,0
2148,Consumer,106074,12,2,0
2149,Consumer,190037,0,3,0
2150,SME,223606,0,5,0
2151,Consumer,15882,32,1,1
2152,Consumer,269822,37,2,1
2153,SME,140865,24,6,1
2154,SME,138745,25,4,0
2155,Consumer,43885,12,0,0
2156,Consumer,186128,27,2,0
2157,Consumer,206313,32,1,1
2158,Consumer,36584,36,0,1
2159,Consumer,285665,40,4,1
2160,SME,196089,29,3,0
2161,SME,44063,7,2,0
2162,Consumer,85268,0,2,0
2163,Consumer,271306,11,0,0
2164,SME,141218,4,3,0
2165,Consumer,239126,23,2,0
2166,Enterprise,185635,5,4,0
2167,Consumer,185824,24,4,0
2168,Consumer,241305,0,1,0
2169,SME,91411,24,0,0
2170,Consumer,124876,0,3,0
2171,SME,213153,31,3,1
2172,Consumer,175212,41,1,1
2173,Consumer,155399,41,0,1
2174,SME,38331,2,0,0
2175,Consumer,38004,18,3,0
2176,SME,253441,42,2,1
2177,Consumer,204167,28,1,0
2178,Consumer,104044,1,3,0
2179,SME,286189,8,2,0
2180,Consumer,297260,16,1,0
2181,Consumer,33667,45,2,1
2182,Consumer,89205,35,2,1
2183,Consumer,42302,16,2,0
2184,Consumer,177007,11,1,0
2185,SME,87534,19,2,0
2186,Enterprise,240414,2,3,0
2187,SME,177696,42,4,1
2188,SME,28440,3,1,0
2189,SME,285012,16,1,0
2190,SME,176323,36,3,1
2191,Consumer,99523,45,1,1
2192,Enterprise,184801,41,2,1
2193,SME,30734,14,6,1
2194,Consumer,188501,32,2,1
2195,Consumer,187409,15,3,0
2196,Consumer,285577,10,1,0
2197,Consumer,155183,19,3,0
2198,SME,118986,37,0,1
2199,Consumer,128783,23,4,0
2200,Consumer,226655,15,1,0
2201,Enterprise,298895,29,1,0
2202,Consumer,162525,33,2,1
2203,Consumer,231916,0,5,0
2204,Consumer,176149,23,0,0
2205,SME,254654,23,0,0
2206,Enterprise,204216,8,4,0
2207,Consumer,192169,21,3,0
2208,SME,148851,11,0,0
2209,Consumer,146827,16,2,0
2210,Enterprise,66482,24,2,0
2211,SME,137989,27,0,0
2212,SME,291393,14,2,0
2213,Consumer,259255,29,2,0
2214,Enterprise,125361,26,4,0
2215,SME,296366,21,1,0
2216,Consumer,56139,9,3,0
2217,SME,129919,30,3,0
2218,Consumer,262677,26,1,0
2219,SME,240756,11,3,0
2220,Consumer,154718,45,1,1
2221,SME,159615,30,6,1
2222,Consumer,240568,31,1,1
2223,Consumer,168857,31,3,1
2224,Consumer,38777,40,2,1
2225,Consumer,72939,44,2,1
2226,Consumer,38548,34,2,1
2227,Consumer,140549,45,3,1
2228,Consumer,152799,20,1,0
2229,Consumer,256532,9,1,0
2230,Consumer,196789,15,1,0
2231,SME,162764,6,0,0
2232,Consumer,46625,3,3,0
2233,Enterprise,129881,26,2,0
2234,SME,292721,24,6,1
2235,SME,126776,30,0,0
2236,Consumer,248996,10,1,0
2237,SME,272831,19,0,0
2238,Consumer,227803,35,2,1
2239,Consumer,173761,16,1,0
2240,Consumer,157226,44,1,1
2241,SME,36341,10,3,0
2242,Consumer,220753,29,2,0
2243,Consumer,264141,34,1,1
2244,Enterprise,214488,40,1,1
2245,SME,271139,37,3,1
2246,Consumer,93840,21,1,0
2247,Consumer,180767,42,1,1
2248,SME,176297,26,1,0
2249,Consumer,64156,36,2,1
2250,Consumer,223281,45,2,1
2251,Consumer,102453,34,1,1
2252,Enterprise,173901,3,2,0
2253,SME,40938,15,1,0
2254,SME,74164,15,1,0
2255,SME,214271,20,5,0
2256,Consumer,75282,25,2,0
2257,Consumer,280470,35,3,1
2258,Consumer,173666,18,0,0
2259,Consumer,130819,16,2,0
2260,Consumer,281907,44,2,1
2261,SME,156900,25,2,0
2262,Consumer,288365,21,3,0
2263,SME,28569,27,2,0
2264,Consumer,242966,0,0,0
2265,Consumer,52860,43,1,1
2266,Consumer,217630,35,2,1
2267,Consumer,159587,42,1,1
2268,SME,86695,36,2,1
2269,Consumer,268078,1,2,0
2270,Consumer,257599,16,3,0
2271,Consumer,170976,39,4,1
2272,Consumer,206007,37,1,1
2273,Consumer,20636,20,2,0
2274,SME,276578,8,2,0
2275,Enterprise,298816,12,2,0
2276,Consumer,282956,10,5,0
2277,SME,242693,15,3,0
2278,Consumer,15654,15,4,0
2279,Consumer,69633,1,2,0
2280,Consumer,32143,41,1,1
2281,Consumer,70934,43,0,1
2282,Consumer,118463,7,2,0
2283,Consumer,140851,42,2,1
2284,Consumer,44087,41,2,1
2285,Consumer,157690,12,1,0
2286,Consumer,285590,16,2,0
2287,Enterprise,173272,38,6,1
2288,Consumer,241179,23,2,0
2289,Consumer,207537,2,2,0
2290,Consumer,232508,29,1,0
2291,Consumer,133422,12,2,0
2292,Consumer,234631,18,1,0
2293,Consumer,54148,6,3,0
2294,Consumer,166770,8,3,0
2295,Consumer,202535,18,5,0
2296,Consumer,93012,44,6,1
2297,Consumer,71116,39,0,1
2298,Consumer,159233,21,4,0
2299,Consumer,47152,17,2,0
2300,Consumer,121379,22,1,0
2301,SME,241905,1,1,0
2302,Consumer,35836,10,3,0
2303,Consumer,236439,30,1,0
2304,Consumer,201720,32,2,1
2305,Enterprise,172403,13,0,0
2306,Consumer,156835,15,1,0
2307,Consumer,108109,10,2,0
2308,Consumer,165259,32,0,1
2309,Consumer,158029,6,0,0
2310,Consumer,97018,30,3,0
2311,Consumer,138076,45,2,1
2312,SME,173177,13,4,0
2313,Consumer,194425,27,3,0
2314,SME,230657,42,3,1
2315,Enterprise,17637,15,4,0
2316,Consumer,252989,18,4,0
2317,Consumer,247259,16,3,0
2318,Consumer,97464,25,1,0
2319,Consumer,26831,5,0,0
2320,Consumer,128768,42,4,1
2321,Enterprise,261983,8,2,0
2322,SME,119824,16,2,0
2323,Consumer,103741,30,1,0
2324,Consumer,33830,11,1,0
2325,SME,84202,22,4,0
2326,Enterprise,232394,4,1,0
2327,SME,217123,42,0,1
2328,Consumer,172699,35,3,1
2329,Consumer,292342,35,0,1
2330,Consumer,121471,2,3,0
2331,Consumer,251824,23,0,0
2332,Consumer,34403,16,2,0
2333,Consumer,18681,38,2,1
2334,SME,130260,25,2,0
2335,Consumer,188364,3,2,0
2336,Consumer,120386,44,1,1
2337,Consumer,248378,11,3,0
2338,Consumer,108246,0,1,0
2339,Consumer,110864,20,1,0
2340,Consumer,223886,18,2,0
2341,SME,285561,20,1,0
2342,Consumer,180837,17,3,0
2343,Consumer,260160,42,2,1
2344,Consumer,202646,2,2,0
2345,Enterprise,274278,43,2,1
2346,SME,271681,31,2,1
2347,SME,186635,9,1,0
2348,Consumer,26332,39,1,1
2349,Consumer,269817,14,4,0
2350,Consumer,296321,4,4,0
2351,Consumer,235326,3,4,0
2352,Enterprise,214519,27,3,0
2353,Consumer,276849,3,1,0
2354,SME,95730,14,2,0
2355,SME,252474,16,2,0
2356,Consumer,298817,43,2,1
2357,Enterprise,55870,2,3,0
2358,Consumer,268017,9,1,0
2359,Consumer,142536,41,3,1
2360,Consumer,299965,22,5,0
2361,Consumer,40494,17,2,0
2362,Consumer,114477,0,2,0
2363,Consumer,220232,34,3,1
2364,Consumer,295790,30,3,0
2365,Consumer,138777,43,2,1
2366,Consumer,92360,0,3,0
2367,Consumer,148501,2,2,0
2368,Consumer,75654,2,3,0
2369,Consumer,134975,36,2,1
2370,SME,214215,18,5,0
2371,SME,117326,28,0,0
2372,SME,92527,24,0,0
2373,SME,181991,32,5,1
2374,Consumer,111952,35,2,1
2375,SME,161895,28,2,0
2376,Consumer,61015,25,3,0
2377,Consumer,117877,3,4,0
2378,SME,292483,13,0,0
2379,Consumer,149563,26,0,0
2380,SME,112493,32,4,1
2381,SME,161800,21,1,0
2382,SME,206480,2,0,0
2383,Enterprise,136648,22,3,0
2384,Consumer,163790,20,2,0
2385,Consumer,102508,40,1,1
2386,Consumer,229839,22,0,0
2387,Consumer,289270,3,2,0
2388,Consumer,79926,20,0,0
2389,SME,55633,36,0,1
2390,SME,223726,42,2,1
2391,Consumer,18317,30,4,0
2392,Consumer,207718,20,2,0
2393,Consumer,202035,25,2,0
2394,Consumer,195388,40,1,1
2395,SME,292648,34,2,1
2396,Consumer,214665,37,4,1
2397,Consumer,227369,23,1,0
2398,Consumer,70501,10,3,0
2399,Consumer,199381,40,0,1
2400,Consumer,42043,28,2,0
2401,Consumer,48635,2,4,0
2402,Consumer,225387,0,2,0
2403,Consumer,95691,18,2,0
2404,Consumer,292510,45,0,1
2405,SME,108944,21,2,0
2406,Consumer,218179,13,0,0
2407,Consumer,54236,13,2,0
2408,Consumer,281294,43,3,1
2409,Enterprise,296567,15,1,0
2410,Consumer,19137,32,1,1
2411,SME,44992,12,2,0
2412,Consumer,130140,37,2,1
2413,Consumer,190993,11,5,0
2414,Consumer,136225,37,3,1
2415,Consumer,225047,38,2,1
2416,Enterprise,34122,32,0,1
2417,Consumer,78879,32,1,1
2418,Consumer,73560,28,2,0
2419,Consumer,214757,4,0,0
2420,Consumer,252268,5,1,0
2421,Consumer,278312,30,3,0
2422,Consumer,181969,15,2,0
2423,SME,161104,30,3,0
2424,Consumer,280660,24,2,0
2425,Consumer,165823,45,2,1
2426,Enterprise,45373,32,2,1
2427,Consumer,137026,12,5,0
2428,Enterprise,45270,9,2,0
2429,Consumer,247931,23,1,0
2430,SME,210889,9,2,0
2431,Consumer,80184,40,1,1
2432,SME,225765,30,1,0
2433,Enterprise,52879,12,1,0
2434,Consumer,18626,2,1,0
2435,Enterprise,100936,33,4,1
2436,Consumer,249873,27,2,0
2437,Consumer,96515,18,0,0
2438,Consumer,223137,22,0,0
2439,Consumer,70390,44,1,1
2440,Consumer,238032,31,1,1
2441,Consumer,69144,12,2,0
2442,Consumer,159454,32,0,1
2443,SME,19025,33,3,1
2444,SME,269043,32,2,1
2445,Consumer,133910,4,1,0
2446,Consumer,111055,2,4,0
2447,Consumer,220782,6,3,0
2448,Consumer,298539,23,2,0
2449,Consumer,287869,21,9,1
2450,Consumer,48461,44,4,1
2451,Consumer,273072,22,3,0
2452,Enterprise,56115,29,2,0
2453,Consumer,125084,17,4,0
2454,Consumer,174762,31,1,1
2455,Consumer,278551,6,4,0
2456,Consumer,88568,32,1,1
2457,Consumer,73560,4,3,0
2458,Consumer,163866,27,4,0
2459,Consumer,165953,7,1,0
2460,Consumer,232364,14,1,0
2461,Enterprise,251770,3,2,0
2462,SME,241024,33,1,1
2463,Consumer,195775,4,4,0
2464,Consumer,106288,32,4,1
2465,Consumer,264836,4,1,0
2466,Consumer,29390,37,3,1
2467,Consumer,233547,33,3,1
2468,Consumer,42307,25,2,0
2469,Consumer,242436,0,1,0
2470,Consumer,240121,3,1,0
2471,Consumer,266063,38,2,1
2472,Enterprise,39502,25,1,0
2473,Enterprise,37486,32,2,1
2474,SME,184330,32,2,1
2475,Consumer,203788,7,2,0
2476,SME,243300,19,2,0
2477,Consumer,118920,15,2,0
2478,SME,227566,20,3,0
2479,Consumer,77785,44,0,1
2480,SME,91050,25,2,0
2481,Consumer,37738,22,1,0
2482,SME,89231,17,1,0
2483,Enterprise,88606,30,1,0
2484,Consumer,242369,41,2,1
2485,Consumer,292267,11,1,0
2486,Enterprise,171688,0,1,0
2487,Consumer,288326,41,3,1
2488,SME,177403,8,3,0
2489,Consumer,192170,2,4,0
2490,Consumer,41128,25,2,0
2491,Consumer,46556,8,1,0
2492,Consumer,273470,41,3,1
2493,SME,167948,15,3,0
2494,Consumer,155021,23,7,1
2495,Consumer,66962,13,0,0
2496,Consumer,105054,2,2,0
2497,Consumer,217278,33,1,1
2498,SME,39099,32,2,1
2499,Enterprise,250943,23,3,0
2500,Consumer,198683,8,0,0
2501,SME,184957,12,3,0
2502,SME,211292,1,2,0
2503,Consumer,22837,6,2,0
2504,Enterprise,195427,20,0,0
2505,Consumer,193371,18,1,0
2506,Consumer,263003,24,0,0
2507,SME,117413,21,1,0
2508,Consumer,66012,10,1,0
2509,SME,145193,32,3,1
2510,SME,233168,31,0,1
2511,Consumer,163178,20,1,0
2512,SME,73123,38,0,1
2513,Consumer,126825,19,3,0
2514,Consumer,23720,7,1,0
2515,Consumer,183733,41,2,1
2516,Enterprise,261103,36,5,1
2517,Consumer,239970,8,2,0
2518,Consumer,239866,24,3,0
2519,SME,165862,24,2,0
2520,SME,73655,32,1,1
2521,SME,205715,1,2,0
2522,Consumer,108448,18,3,0
2523,Consumer,193446,45,5,1
2524,Consumer,188979,19,4,0
2525,SME,196143,41,2,1
2526,Consumer,135507,40,2,1
2527,Consumer,75186,41,2,1
2528,Enterprise,137066,28,1,0
2529,Consumer,196323,5,1,0
2530,Enterprise,211243,16,1,0
2531,SME,51160,24,4,0
2532,SME,34156,37,3,1
2533,Consumer,91208,3,2,0
2534,Consumer,164001,29,2,0
2535,SME,246226,19,3,0
2536,SME,256766,2,1,0
2537,SME,210413,22,2,0
2538,Consumer,227909,17,2,0
2539,SME,80439,25,2,0
2540,SME,153266,35,5,1
2541,SME,217459,7,3,0
2542,SME,136361,16,5,0
2543,SME,227986,30,1,0
2544,Consumer,212286,36,1,1
2545,Consumer,44777,44,4,1
2546,Consumer,271427,32,2,1
2547,Consumer,172255,26,3,0
2548,Consumer,213110,44,1,1
2549,Consumer,196649,3,4,0
2550,Consumer,293011,21,3,0
2551,Consumer,77501,25,2,0
2552,Consumer,160338,31,2,1
2553,SME,181280,23,2,0
2554,Enterprise,136544,45,1,1
2555,Consumer,153439,34,4,1
2556,Enterprise,270230,36,1,1
2557,Consumer,50362,31,1,1
2558,Consumer,265449,6,5,0
2559,Consumer,184357,32,1,1
2560,Consumer,141683,30,0,0
2561,SME,271157,11,1,0
2562,SME,220827,10,1,0
2563,Consumer,217918,23,2,0
2564,Consumer,230757,7,2,0
2565,Consumer,122669,31,2,1
2566,Consumer,223030,37,0,1
2567,Consumer,173998,21,0,0
2568,Consumer,118215,33,2,1
2569,SME,113707,18,5,0
2570,Enterprise,107837,19,4,0
2571,Consumer,260847,13,2,0
2572,Enterprise,242544,32,4,1
2573,Consumer,282614,9,2,0
2574,Consumer,242467,15,2,0
2575,Consumer,161025,3,1,0
2576,Consumer,250652,26,3,0
2577,Enterprise,106493,27,2,0
2578,Consumer,283667,42,2,1
2579,Consumer,232995,15,3,0
2580,Consumer,203262,32,1,1
2581,Consumer,60641,18,0,0
2582,SME,169062,20,2,0
2583,Consumer,44661,21,1,0
2584,Consumer,159491,8,4,0
2585,Consumer,291601,8,4,0
2586,Consumer,118619,8,1,0
2587,Consumer,48085,26,3,0
2588,SME,112064,16,2,0
2589,Consumer,196726,43,2,1
2590,SME,120723,44,1,1
2591,SME,148114,7,1,0
2592,SME,48477,15,2,0
2593,Consumer,129161,17,1,0
2594,Consumer,174788,32,2,1
2595,Consumer,154133,0,3,0
2596,SME,154681,11,2,0
2597,Consumer,256422,5,1,0
2598,Consumer,285001,40,2,1
2599,Consumer,157692,4,3,0
2600,Consumer,23177,15,1,0
2601,Consumer,266842,17,2,0
2602,Consumer,104941,17,0,0
2603,SME,273121,0,3,0
2604,Consumer,26826,18,1,0
2605,Consumer,159962,7,3,0
2606,Consumer,141044,2,3,0
2607,Consumer,204103,24,2,0
2608,Consumer,20495,4,1,0
2609,SME,43481,39,2,1
2610,Consumer,157339,18,2,0
2611,SME,251774,17,3,0
2612,Consumer,152815,30,4,0
2613,Consumer,118475,32,2,1
2614,SME,194845,17,0,0
2615,Consumer,64476,38,4,1
2616,Consumer,238177,15,5,0
2617,Consumer,211314,15,5,0
2618,Consumer,175020,37,2,1
2619,SME,222383,40,1,1
2620,Consumer,84093,6,3,0
2621,SME,84123,13,1,0
2622,SME,31535,42,2,1
2623,Consumer,61562,24,3,0
2624,Enterprise,271323,31,2,1
2625,Consumer,273916,37,2,1
2626,Enterprise,204607,21,3,0
2627,Consumer,245063,15,3,0
2628,SME,56269,28,3,0
2629,Consumer,95674,15,1,0
2630,Consumer,92095,11,2,0
2631,Consumer,259172,16,2,0
2632,SME,215003,36,4,1
2633,Consumer,105925,26,2,0
2634,Consumer,81381,24,1,0
2635,SME,114468,12,2,0
2636,SME,257330,7,4,0
2637,Enterprise,28731,4,2,0
2638,SME,66024,11,3,0
2639,Enterprise,131712,40,2,1
2640,SME,116121,2,0,0
2641,Consumer,280976,34,1,1
2642,Consumer,47332,32,2,1
2643,SME,27467,21,0,0
2644,Consumer,56025,43,0,1
2645,Consumer,159179,8,2,0
2646,Consumer,92994,40,2,1
2647,Enterprise,109202,17,1,0
2648,Consumer,58481,28,0,0
2649,Consumer,90118,38,2,1
2650,Consumer,138714,26,3,0
2651,Consumer,239699,35,0,1
2652,Consumer,175185,44,2,1
2653,Consumer,99363,16,0,0
2654,Consumer,226027,33,0,1
2655,SME,288958,45,3,1
2656,Consumer,287168,2,2,0
2657,SME,209360,4,3,0
2658,SME,72836,13,2,0
2659,Consumer,284579,2,1,0
2660,SME,270095,22,2,0
2661,Consumer,276176,38,1,1
2662,SME,264717,29,3,0
2663,Consumer,149479,44,2,1
2664,SME,47940,22,2,0
2665,Consumer,20666,26,3,0
2666,Consumer,171164,9,1,0
2667,Consumer,221717,24,2,0
2668,SME,41505,12,2,0
2669,SME,51713,15,2,0
2670,Consumer,219354,40,0,1
2671,Consumer,92511,33,1,1
2672,Consumer,227204,36,2,1
2673,SME,265694,21,1,0
2674,Consumer,264836,16,2,0
2675,SME,249561,22,1,0
2676,Consumer,18880,35,1,1
2677,Consumer,58539,8,2,0
2678,Consumer,255056,1,0,0
2679,Consumer,234057,31,2,1
2680,Consumer,29799,21,4,0
2681,Consumer,119843,42,0,1
2682,SME,63784,12,1,0
2683,Consumer,128034,7,1,0
2684,Consumer,215598,0,2,0
2685,Consumer,69362,16,1,0
2686,Consumer,68997,11,1,0
2687,Consumer,196413,3,1,0
2688,Consumer,291693,12,1,0
2689,Consumer,231398,30,4,0
2690,Consumer,275464,40,1,1
2691,Consumer,172255,6,2,0
2692,Consumer,39624,22,2,0
2693,Consumer,208587,23,1,0
2694,Consumer,249784,4,2,0
2695,Enterprise,61705,4,1,0
2696,Consumer,104326,16,3,0
2697,SME,83369,29,3,0
2698,Consumer,216893,8,2,0
2699,SME,286733,5,1,0
2700,SME,128012,24,3,0
2701,Consumer,190858,18,6,1
2702,Enterprise,240758,15,2,0
2703,Consumer,138711,20,1,0
2704,Consumer,91425,1,3,0
2705,SME,30994,9,2,0
2706,SME,126915,15,1,0
2707,Consumer,119672,36,2,1
2708,Consumer,294349,14,1,0
2709,Consumer,47930,12,2,0
2710,Consumer,88313,12,3,0
2711,SME,239923,31,1,1
2712,Consumer,128153,44,1,1
2713,Consumer,295460,45,5,1
2714,Consumer,247911,7,1,0
2715,Consumer,111058,42,1,1
2716,Consumer,102876,17,1,0
2717,Consumer,100366,35,0,1
2718,Enterprise,28403,25,2,0
2719,SME,263550,9,5,0
2720,Consumer,276420,30,1,0
2721,SME,178004,32,2,1
2722,SME,267396,28,4,0
2723,SME,72241,4,3,0
2724,Consumer,156439,12,2,0
2725,Consumer,80030,0,0,0
2726,Consumer,192577,22,3,0
2727,Consumer,179404,39,3,1
2728,Consumer,222397,2,0,0
2729,Consumer,120185,2,1,0
2730,Consumer,51404,6,2,0
2731,SME,70182,35,6,1
2732,Consumer,119601,34,2,1
2733,Consumer,193735,14,1,0
2734,Enterprise,137002,39,3,1
2735,Enterprise,240461,2,1,0
2736,SME,99146,28,5,0
2737,Enterprise,62997,29,1,0
2738,Consumer,22170,38,3,1
2739,Enterprise,159375,17,2,0
2740,Consumer,50187,10,2,0
2741,Consumer,211106,42,3,1
2742,Consumer,147965,37,2,1
2743,Consumer,159825,39,1,1
2744,Consumer,53090,0,2,0
2745,Consumer,268478,28,0,0
2746,SME,32509,9,2,0
2747,Consumer,83653,27,3,0
2748,Consumer,183001,30,1,0
2749,SME,281186,18,0,0
2750,Consumer,208646,2,2,0
2751,Consumer,238354,35,2,1
2752,SME,29016,42,2,1
2753,Consumer,247034,14,1,0
2754,Consumer,42938,32,0,1
2755,Enterprise,189750,40,3,1
2756,Consumer,275710,42,1,1
2757,Consumer,247320,44,0,1
2758,SME,202877,25,2,0
2759,SME,148058,15,3,0
2760,Consumer,91478,35,1,1
2761,Consumer,142101,32,5,1
2762,Consumer,206996,19,1,0
2763,Consumer,220380,12,0,0
2764,Consumer,247200,32,3,1
2765,Consumer,78745,4,0,0
2766,Enterprise,147283,36,2,1
2767,Consumer,116489,13,0,0
2768,Consumer,46819,26,4,0
2769,Consumer,62779,22,1,0
2770,SME,228493,13,3,0
2771,Consumer,80584,39,0,1
2772,Consumer,161245,3,1,0
2773,SME,263815,38,2,1
2774,Consumer,269957,18,2,0
2775,Consumer,86356,3,2,0
2776,Consumer,160364,29,0,0
2777,Consumer,18052,18,1,0
2778,Consumer,213910,30,4,0
2779,Consumer,161692,30,1,0
2780,Consumer,45461,8,2,0
2781,Consumer,297894,12,5,0
2782,SME,24472,13,2,0
2783,Enterprise,127036,45,5,1
2784,SME,203674,9,4,0
2785,SME,176838,30,3,0
2786,Consumer,81060,36,2,1
2787,Enterprise,286223,22,1,0
2788,Consumer,154471,26,1,0
2789,Enterprise,293676,5,3,0
2790,Enterprise,58162,25,3,0
2791,SME,288497,1,1,0
2792,Enterprise,127313,44,4,1
2793,Consumer,43477,12,2,0
2794,Consumer,170642,18,5,0
2795,Consumer,101373,0,6,1
2796,Consumer,184176,39,1,1
2797,Consumer,209442,31,2,1
2798,Consumer,19551,21,1,0
2799,Enterprise,83359,28,2,0
2800,Consumer,158988,1,2,0
2801,SME,141150,39,0,1
2802,Enterprise,187517,37,2,1
2803,Enterprise,122967,10,0,0
2804,Enterprise,109455,16,5,0
2805,Consumer,273835,42,2,1
2806,Enterprise,190405,7,0,0
2807,SME,254646,21,1,0
2808,Consumer,204937,3,3,0
2809,Consumer,76192,10,3,0
2810,SME,206758,7,2,0
2811,Consumer,250161,8,3,0
2812,Consumer,176564,25,3,0
2813,SME,167053,1,1,0
2814,Consumer,206349,15,0,0
2815,Consumer,122044,30,2,0
2816,SME,196062,5,3,0
2817,Consumer,143406,20,0,0
2818,Consumer,84351,25,3,0
2819,Consumer,196071,18,1,0
2820,Consumer,249085,27,2,0
2821,Enterprise,248883,7,0,0
2822,Consumer,85309,13,2,0
2823,Consumer,176805,23,3,0
2824,Consumer,134156,43,2,1
2825,Consumer,36576,36,0,1
2826,SME,18320,25,1,0
2827,SME,156822,30,2,0
2828,Consumer,118002,31,0,1
2829,Consumer,199535,40,3,1
2830,Consumer,41572,1,0,0
2831,Consumer,295092,24,1,0
2832,SME,131528,43,3,1
2833,Consumer,184898,1,2,0
2834,Consumer,104051,41,1,1
2835,Consumer,206303,0,1,0
2836,Enterprise,237428,35,0,1
2837,Enterprise,272412,11,3,0
2838,Consumer,218305,8,2,0
2839,SME,290107,35,1,1
2840,Consumer,64434,40,3,1
2841,Consumer,81617,27,1,0
2842,SME,132569,37,1,1
2843,Enterprise,222384,32,2,1
2844,Enterprise,96494,41,6,1
2845,Consumer,234977,45,1,1
2846,Consumer,92225,21,2,0
2847,SME,97867,24,4,0
2848,Consumer,183600,17,3,0
2849,Consumer,270669,5,3,0
2850,Consumer,105748,17,0,0
2851,SME,269265,15,3,0
2852,Consumer,179404,14,0,0
2853,Consumer,144529,7,1,0
2854,Enterprise,279395,12,2,0
2855,Consumer,173099,42,3,1
2856,Consumer,112382,6,3,0
2857,Consumer,24583,16,1,0
2858,Consumer,65387,31,2,1
2859,Consumer,27224,21,6,1
2860,Consumer,242444,12,0,0
2861,SME,281285,22,1,0
2862,Consumer,169422,28,0,0
2863,Enterprise,151149,21,5,0
2864,Consumer,61015,0,2,0
2865,Consumer,186929,28,2,0
2866,Consumer,247268,4,1,0
2867,Consumer,205912,34,0,1
2868,SME,20577,9,3,0
2869,Consumer,297146,18,3,0
2870,Consumer,65711,36,2,1
2871,SME,54451,6,2,0
2872,Enterprise,195175,45,4,1
2873,SME,49831,34,2,1
2874,Consumer,264402,44,2,1
2875,SME,246376,12,2,0
2876,Consumer,259942,9,1,0
2877,Consumer,110119,1,0,0
2878,Consumer,258466,5,1,0
2879,Consumer,238936,7,3,0
2880,Consumer,76554,35,3,1
2881,Consumer,65755,24,4,0
2882,SME,168412,43,3,1
2883,Consumer,78884,39,1,1
2884,Consumer,32482,6,2,0
2885,Consumer,69225,45,3,1
2886,Enterprise,204921,22,1,0
2887,Consumer,89854,18,0,0
2888,Consumer,56256,45,3,1
2889,SME,255617,21,1,0
2890,SME,123721,12,1,0
2891,Consumer,96110,20,1,0
2892,SME,128606,0,0,0
2893,SME,29650,18,1,0
2894,SME,192190,32,2,1
2895,Consumer,43930,3,4,0
2896,SME,231779,41,1,1
2897,Consumer,275102,2,2,0
2898,Consumer,288945,26,2,0
2899,Consumer,66360,40,0,1
2900,Consumer,162631,34,1,1
2901,Consumer,251545,27,0,0
2902,SME,28288,5,3,0
2903,Consumer,168470,5,5,0
2904,Consumer,222302,43,3,1
2905,Consumer,289335,22,0,0
2906,Consumer,295195,32,0,1
2907,Enterprise,76715,15,1,0
2908,Consumer,25737,23,1,0
2909,Consumer,80140,4,1,0
2910,Consumer,171323,40,1,1
2911,Consumer,197047,41,3,1
2912,Consumer,282291,12,1,0
2913,SME,65508,11,1,0
2914,Enterprise,296787,4,2,0
2915,Consumer,118535,36,2,1
2916,SME,213360,30,2,0
2917,SME,73959,27,3,0
2918,SME,213208,27,1,0
2919,Consumer,206812,29,0,0
2920,Consumer,127255,17,3,0
2921,Consumer,101322,43,4,1
2922,SME,16132,26,4,0
2923,SME,184331,34,1,1
2924,Consumer,242684,25,5,0
2925,Consumer,274427,38,1,1
2926,Enterprise,123835,17,2,0
2927,SME,157003,32,5,1
2928,Enterprise,273228,24,3,0
2929,SME,88169,30,5,0
2930,Consumer,275529,36,2,1
2931,Consumer,268608,1,4,0
2932,SME,249385,32,3,1
2933,Consumer,204973,38,3,1
2934,Consumer,115417,42,1,1
2935,SME,16044,42,1,1
2936,Consumer,192763,31,0,1
2937,SME,246807,17,2,0
2938,Consumer,39363,16,1,0
2939,Enterprise,298445,33,1,1
2940,Consumer,16620,38,3,1
2941,Consumer,110419,6,1,0
2942,Consumer,183606,41,3,1
2943,Consumer,217701,34,2,1
2944,SME,195324,29,3,0
2945,SME,37259,11,2,0
2946,Consumer,35655,34,2,1
2947,Consumer,36602,10,3,0
2948,Consumer,157182,43,2,1
2949,Consumer,16537,3,1,0
2950,Enterprise,271210,24,2,0
2951,SME,192274,31,2,1
2952,SME,186236,19,0,0
2953,SME,104743,30,0,0
2954,Consumer,101155,3,2,0
2955,Enterprise,104846,37,4,1
2956,SME,249507,0,2,0
2957,SME,206824,2,2,0
2958,SME,98049,36,4,1
2959,Consumer,254647,21,2,0
2960,SME,35104,16,3,0
2961,Consumer,142904,13,2,0
2962,Consumer,117499,40,2,1
2963,Consumer,242336,34,0,1
2964,Enterprise,188084,12,3,0
2965,SME,167472,34,1,1
2966,SME,218141,42,1,1
2967,SME,134415,1,1,0
2968,Consumer,209716,12,4,0
2969,Enterprise,95206,15,1,0
2970,Consumer,205545,17,2,0
2971,Consumer,38723,6,0,0
2972,Consumer,212327,44,2,1
2973,SME,15074,35,0,1
2974,SME,270245,40,4,1
2975,Consumer,211594,29,1,0
2976,Consumer,111881,41,5,1
2977,SME,60929,40,2,1
2978,Consumer,138199,6,2,0
2979,SME,246525,14,4,0
2980,Enterprise,44545,39,0,1
2981,Consumer,94569,18,1,0
2982,Consumer,46673,42,5,1
2983,SME,38525,36,1,1
2984,SME,72804,1,1,0
2985,Consumer,161115,41,1,1
2986,Enterprise,56846,12,1,0
2987,Consumer,92261,39,1,1
2988,Consumer,248312,40,1,1
2989,SME,199100,42,3,1
2990,SME,22265,42,3,1
2991,Consumer,299907,30,1,0
2992,SME,221724,15,2,0
2993,Consumer,30733,41,3,1
2994,Consumer,106038,43,3,1
2995,Consumer,155319,5,1,0
2996,SME,36058,27,2,0
2997,Consumer,261301,31,3,1
2998,Consumer,177434,43,5,1
2999,Consumer,101489,9,2,0
3000,SME,99664,17,5,0
